query_name,timestamp_unix,timestamp_iso,value,series,labels_json
pod_cpu_seconds_rate,1788096504,2026-08-30T13:28:24Z,0.002319275400473886,"namespace=app-location,pod=app-location-db-5d84f495fc-v57wx","{""namespace"": ""app-location"", ""pod"": ""app-location-db-5d84f495fc-v57wx""}"
pod_cpu_seconds_rate,1788096519,2026-08-30T13:28:39Z,0.0023885437187452646,"namespace=app-location,pod=app-location-db-5d84f495fc-v57wx","{""namespace"": ""app-location"", ""pod"": ""app-location-db-5d84f495fc-v57wx""}"
pod_cpu_seconds_rate,1788096534,2026-08-30T13:28:54Z,0.0021514671385653734,"namespace=app-location,pod=app-location-db-5d84f495fc-v57wx","{""namespace"": ""app-location"", ""pod"": ""app-location-db-5d84f495fc-v57wx""}"
pod_cpu_seconds_rate,1788096549,2026-08-30T13:29:09Z,0.002252863995338533,"namespace=app-location,pod=app-location-db-5d84f495fc-v57wx","{""namespace"": ""app-location"", ""pod"": ""app-location-db-5d84f495fc-v57wx""}"
pod_cpu_seconds_rate,1788096564,2026-08-30T13:29:24Z,0.002287674259772609,"namespace=app-location,pod=app-location-db-5d84f495fc-v57wx","{""namespace"": ""app-location"", ""pod"": ""app-location-db-5d84f495fc-v57wx""}"
pod_cpu_seconds_rate,1788096579,2026-08-30T13:29:39Z,0.0024466226647739645,"namespace=app-location,pod=app-location-db-5d84f495fc-v57wx","{""namespace"": ""app-location"", ""pod"": ""app-location-db-5d84f495fc-v57wx""}"
pod_cpu_seconds_rate,1788096594,2026-08-30T13:29:54Z,0.0022852062781483265,"namespace=app-location,pod=app-location-db-5d84f495fc-v57wx","{""namespace"": ""app-location"", ""pod"": ""app-location-db-5d84f495fc-v57wx""}"
pod_cpu_seconds_rate,1788096609,2026-08-30T13:30:09Z,0.0025863713548982177,"namespace=app-location,pod=app-location-db-5d84f495fc-v57wx","{""namespace"": ""app-location"", ""pod"": ""app-location-db-5d84f495fc-v57wx""}"
pod_cpu_seconds_rate,1788096624,2026-08-30T13:30:24Z,0.002568545652194108,"namespace=app-location,pod=app-location-db-5d84f495fc-v57wx","{""namespace"": ""app-location"", ""pod"": ""app-location-db-5d84f495fc-v57wx""}"
pod_cpu_seconds_rate,1788096639,2026-08-30T13:30:39Z,0.0021515761399577608,"namespace=app-location,pod=app-location-db-5d84f495fc-v57wx","{""namespace"": ""app-location"", ""pod"": ""app-location-db-5d84f495fc-v57wx""}"
pod_cpu_seconds_rate,1788096654,2026-08-30T13:30:54Z,0.002529688326784117,"namespace=app-location,pod=app-location-db-5d84f495fc-v57wx","{""namespace"": ""app-location"", ""pod"": ""app-location-db-5d84f495fc-v57wx""}"
pod_cpu_seconds_rate,1788096669,2026-08-30T13:31:09Z,0.0023888525854461255,"namespace=app-location,pod=app-location-db-5d84f495fc-v57wx","{""namespace"": ""app-location"", ""pod"": ""app-location-db-5d84f495fc-v57wx""}"
pod_cpu_seconds_rate,1788096684,2026-08-30T13:31:24Z,0.0023506687868300453,"namespace=app-location,pod=app-location-db-5d84f495fc-v57wx","{""namespace"": ""app-location"", ""pod"": ""app-location-db-5d84f495fc-v57wx""}"
pod_cpu_seconds_rate,1788096699,2026-08-30T13:31:39Z,0.002625925583971932,"namespace=app-location,pod=app-location-db-5d84f495fc-v57wx","{""namespace"": ""app-location"", ""pod"": ""app-location-db-5d84f495fc-v57wx""}"
pod_cpu_seconds_rate,1788096714,2026-08-30T13:31:54Z,0.002415974330539751,"namespace=app-location,pod=app-location-db-5d84f495fc-v57wx","{""namespace"": ""app-location"", ""pod"": ""app-location-db-5d84f495fc-v57wx""}"
pod_cpu_seconds_rate,1788096729,2026-08-30T13:32:09Z,0.002414288197817708,"namespace=app-location,pod=app-location-db-5d84f495fc-v57wx","{""namespace"": ""app-location"", ""pod"": ""app-location-db-5d84f495fc-v57wx""}"
pod_cpu_seconds_rate,1788096744,2026-08-30T13:32:24Z,0.002543983188952738,"namespace=app-location,pod=app-location-db-5d84f495fc-v57wx","{""namespace"": ""app-location"", ""pod"": ""app-location-db-5d84f495fc-v57wx""}"
pod_cpu_seconds_rate,1788096759,2026-08-30T13:32:39Z,0.0023542486867492705,"namespace=app-location,pod=app-location-db-5d84f495fc-v57wx","{""namespace"": ""app-location"", ""pod"": ""app-location-db-5d84f495fc-v57wx""}"
pod_cpu_seconds_rate,1788096774,2026-08-30T13:32:54Z,0.0020508825829675553,"namespace=app-location,pod=app-location-db-5d84f495fc-v57wx","{""namespace"": ""app-location"", ""pod"": ""app-location-db-5d84f495fc-v57wx""}"
pod_cpu_seconds_rate,1788096789,2026-08-30T13:33:09Z,0.0024456719667144754,"namespace=app-location,pod=app-location-db-5d84f495fc-v57wx","{""namespace"": ""app-location"", ""pod"": ""app-location-db-5d84f495fc-v57wx""}"
pod_cpu_seconds_rate,1788096804,2026-08-30T13:33:24Z,0.0021590610739513627,"namespace=app-location,pod=app-location-db-5d84f495fc-v57wx","{""namespace"": ""app-location"", ""pod"": ""app-location-db-5d84f495fc-v57wx""}"
pod_cpu_seconds_rate,1788096819,2026-08-30T13:33:39Z,0.0020983750131898255,"namespace=app-location,pod=app-location-db-5d84f495fc-v57wx","{""namespace"": ""app-location"", ""pod"": ""app-location-db-5d84f495fc-v57wx""}"
pod_cpu_seconds_rate,1788096834,2026-08-30T13:33:54Z,0.0022862911795961723,"namespace=app-location,pod=app-location-db-5d84f495fc-v57wx","{""namespace"": ""app-location"", ""pod"": ""app-location-db-5d84f495fc-v57wx""}"
pod_cpu_seconds_rate,1788096849,2026-08-30T13:34:09Z,0.0023166842547711446,"namespace=app-location,pod=app-location-db-5d84f495fc-v57wx","{""namespace"": ""app-location"", ""pod"": ""app-location-db-5d84f495fc-v57wx""}"
pod_cpu_seconds_rate,1788096864,2026-08-30T13:34:24Z,0.002266693246947423,"namespace=app-location,pod=app-location-db-5d84f495fc-v57wx","{""namespace"": ""app-location"", ""pod"": ""app-location-db-5d84f495fc-v57wx""}"
pod_cpu_seconds_rate,1788096879,2026-08-30T13:34:39Z,0.0023123759459826912,"namespace=app-location,pod=app-location-db-5d84f495fc-v57wx","{""namespace"": ""app-location"", ""pod"": ""app-location-db-5d84f495fc-v57wx""}"
pod_cpu_seconds_rate,1788096894,2026-08-30T13:34:54Z,0.0022265269338684816,"namespace=app-location,pod=app-location-db-5d84f495fc-v57wx","{""namespace"": ""app-location"", ""pod"": ""app-location-db-5d84f495fc-v57wx""}"
pod_cpu_seconds_rate,1788096909,2026-08-30T13:35:09Z,0.0026276258913576203,"namespace=app-location,pod=app-location-db-5d84f495fc-v57wx","{""namespace"": ""app-location"", ""pod"": ""app-location-db-5d84f495fc-v57wx""}"
pod_cpu_seconds_rate,1788096924,2026-08-30T13:35:24Z,0.003446720897100049,"namespace=app-location,pod=app-location-db-5d84f495fc-v57wx","{""namespace"": ""app-location"", ""pod"": ""app-location-db-5d84f495fc-v57wx""}"
pod_cpu_seconds_rate,1788096939,2026-08-30T13:35:39Z,0.0035502275449101834,"namespace=app-location,pod=app-location-db-5d84f495fc-v57wx","{""namespace"": ""app-location"", ""pod"": ""app-location-db-5d84f495fc-v57wx""}"
pod_cpu_seconds_rate,1788096954,2026-08-30T13:35:54Z,0.003482007566500152,"namespace=app-location,pod=app-location-db-5d84f495fc-v57wx","{""namespace"": ""app-location"", ""pod"": ""app-location-db-5d84f495fc-v57wx""}"
pod_cpu_seconds_rate,1788096969,2026-08-30T13:36:09Z,0.0036104663495045613,"namespace=app-location,pod=app-location-db-5d84f495fc-v57wx","{""namespace"": ""app-location"", ""pod"": ""app-location-db-5d84f495fc-v57wx""}"
pod_cpu_seconds_rate,1788096984,2026-08-30T13:36:24Z,0.003730761209593327,"namespace=app-location,pod=app-location-db-5d84f495fc-v57wx","{""namespace"": ""app-location"", ""pod"": ""app-location-db-5d84f495fc-v57wx""}"
pod_cpu_seconds_rate,1788096999,2026-08-30T13:36:39Z,0.0038416312865879906,"namespace=app-location,pod=app-location-db-5d84f495fc-v57wx","{""namespace"": ""app-location"", ""pod"": ""app-location-db-5d84f495fc-v57wx""}"
pod_cpu_seconds_rate,1788097014,2026-08-30T13:36:54Z,0.0035475980608197463,"namespace=app-location,pod=app-location-db-5d84f495fc-v57wx","{""namespace"": ""app-location"", ""pod"": ""app-location-db-5d84f495fc-v57wx""}"
pod_cpu_seconds_rate,1788097029,2026-08-30T13:37:09Z,0.0027748390980228766,"namespace=app-location,pod=app-location-db-5d84f495fc-v57wx","{""namespace"": ""app-location"", ""pod"": ""app-location-db-5d84f495fc-v57wx""}"
pod_cpu_seconds_rate,1788097044,2026-08-30T13:37:24Z,0.0027611622358554868,"namespace=app-location,pod=app-location-db-5d84f495fc-v57wx","{""namespace"": ""app-location"", ""pod"": ""app-location-db-5d84f495fc-v57wx""}"
pod_cpu_seconds_rate,1788097059,2026-08-30T13:37:39Z,0.0029796139036869077,"namespace=app-location,pod=app-location-db-5d84f495fc-v57wx","{""namespace"": ""app-location"", ""pod"": ""app-location-db-5d84f495fc-v57wx""}"
pod_cpu_seconds_rate,1788097074,2026-08-30T13:37:54Z,0.0030710258961140773,"namespace=app-location,pod=app-location-db-5d84f495fc-v57wx","{""namespace"": ""app-location"", ""pod"": ""app-location-db-5d84f495fc-v57wx""}"
pod_cpu_seconds_rate,1788097089,2026-08-30T13:38:09Z,0.002972706279503278,"namespace=app-location,pod=app-location-db-5d84f495fc-v57wx","{""namespace"": ""app-location"", ""pod"": ""app-location-db-5d84f495fc-v57wx""}"
pod_cpu_seconds_rate,1788097104,2026-08-30T13:38:24Z,0.0028801109591123273,"namespace=app-location,pod=app-location-db-5d84f495fc-v57wx","{""namespace"": ""app-location"", ""pod"": ""app-location-db-5d84f495fc-v57wx""}"
pod_cpu_seconds_rate,1788097119,2026-08-30T13:38:39Z,0.0030842266742151627,"namespace=app-location,pod=app-location-db-5d84f495fc-v57wx","{""namespace"": ""app-location"", ""pod"": ""app-location-db-5d84f495fc-v57wx""}"
pod_cpu_seconds_rate,1788097134,2026-08-30T13:38:54Z,0.0028351524052879925,"namespace=app-location,pod=app-location-db-5d84f495fc-v57wx","{""namespace"": ""app-location"", ""pod"": ""app-location-db-5d84f495fc-v57wx""}"
pod_cpu_seconds_rate,1788097149,2026-08-30T13:39:09Z,0.003123300417774404,"namespace=app-location,pod=app-location-db-5d84f495fc-v57wx","{""namespace"": ""app-location"", ""pod"": ""app-location-db-5d84f495fc-v57wx""}"
pod_cpu_seconds_rate,1788097164,2026-08-30T13:39:24Z,0.003137913592853796,"namespace=app-location,pod=app-location-db-5d84f495fc-v57wx","{""namespace"": ""app-location"", ""pod"": ""app-location-db-5d84f495fc-v57wx""}"
pod_cpu_seconds_rate,1788097179,2026-08-30T13:39:39Z,0.002760402767426927,"namespace=app-location,pod=app-location-db-5d84f495fc-v57wx","{""namespace"": ""app-location"", ""pod"": ""app-location-db-5d84f495fc-v57wx""}"
pod_cpu_seconds_rate,1788097194,2026-08-30T13:39:54Z,0.0030082636165354214,"namespace=app-location,pod=app-location-db-5d84f495fc-v57wx","{""namespace"": ""app-location"", ""pod"": ""app-location-db-5d84f495fc-v57wx""}"
pod_cpu_seconds_rate,1788097209,2026-08-30T13:40:09Z,0.003122824425162249,"namespace=app-location,pod=app-location-db-5d84f495fc-v57wx","{""namespace"": ""app-location"", ""pod"": ""app-location-db-5d84f495fc-v57wx""}"
pod_cpu_seconds_rate,1788097224,2026-08-30T13:40:24Z,0.0030742011423983075,"namespace=app-location,pod=app-location-db-5d84f495fc-v57wx","{""namespace"": ""app-location"", ""pod"": ""app-location-db-5d84f495fc-v57wx""}"
pod_cpu_seconds_rate,1788097239,2026-08-30T13:40:39Z,0.00264105347054332,"namespace=app-location,pod=app-location-db-5d84f495fc-v57wx","{""namespace"": ""app-location"", ""pod"": ""app-location-db-5d84f495fc-v57wx""}"
pod_cpu_seconds_rate,1788097254,2026-08-30T13:40:54Z,0.003279375648653368,"namespace=app-location,pod=app-location-db-5d84f495fc-v57wx","{""namespace"": ""app-location"", ""pod"": ""app-location-db-5d84f495fc-v57wx""}"
pod_cpu_seconds_rate,1788097269,2026-08-30T13:41:09Z,0.0030946313359083355,"namespace=app-location,pod=app-location-db-5d84f495fc-v57wx","{""namespace"": ""app-location"", ""pod"": ""app-location-db-5d84f495fc-v57wx""}"
pod_cpu_seconds_rate,1788097284,2026-08-30T13:41:24Z,0.0033979505429131873,"namespace=app-location,pod=app-location-db-5d84f495fc-v57wx","{""namespace"": ""app-location"", ""pod"": ""app-location-db-5d84f495fc-v57wx""}"
pod_cpu_seconds_rate,1788097299,2026-08-30T13:41:39Z,0.0035466913150385016,"namespace=app-location,pod=app-location-db-5d84f495fc-v57wx","{""namespace"": ""app-location"", ""pod"": ""app-location-db-5d84f495fc-v57wx""}"
pod_cpu_seconds_rate,1788097314,2026-08-30T13:41:54Z,0.0034083681469348715,"namespace=app-location,pod=app-location-db-5d84f495fc-v57wx","{""namespace"": ""app-location"", ""pod"": ""app-location-db-5d84f495fc-v57wx""}"
pod_cpu_seconds_rate,1788097329,2026-08-30T13:42:09Z,0.0031462642087785727,"namespace=app-location,pod=app-location-db-5d84f495fc-v57wx","{""namespace"": ""app-location"", ""pod"": ""app-location-db-5d84f495fc-v57wx""}"
pod_cpu_seconds_rate,1788097344,2026-08-30T13:42:24Z,0.002918870030373657,"namespace=app-location,pod=app-location-db-5d84f495fc-v57wx","{""namespace"": ""app-location"", ""pod"": ""app-location-db-5d84f495fc-v57wx""}"
pod_cpu_seconds_rate,1788097359,2026-08-30T13:42:39Z,0.003404453501491201,"namespace=app-location,pod=app-location-db-5d84f495fc-v57wx","{""namespace"": ""app-location"", ""pod"": ""app-location-db-5d84f495fc-v57wx""}"
pod_cpu_seconds_rate,1788097374,2026-08-30T13:42:54Z,0.0032255713004972217,"namespace=app-location,pod=app-location-db-5d84f495fc-v57wx","{""namespace"": ""app-location"", ""pod"": ""app-location-db-5d84f495fc-v57wx""}"
pod_cpu_seconds_rate,1788097389,2026-08-30T13:43:09Z,0.0032721317368857293,"namespace=app-location,pod=app-location-db-5d84f495fc-v57wx","{""namespace"": ""app-location"", ""pod"": ""app-location-db-5d84f495fc-v57wx""}"
pod_cpu_seconds_rate,1788097404,2026-08-30T13:43:24Z,0.002897146969619083,"namespace=app-location,pod=app-location-db-5d84f495fc-v57wx","{""namespace"": ""app-location"", ""pod"": ""app-location-db-5d84f495fc-v57wx""}"
pod_cpu_seconds_rate,1788097419,2026-08-30T13:43:39Z,0.003011813308414891,"namespace=app-location,pod=app-location-db-5d84f495fc-v57wx","{""namespace"": ""app-location"", ""pod"": ""app-location-db-5d84f495fc-v57wx""}"
pod_cpu_seconds_rate,1788097434,2026-08-30T13:43:54Z,0.004064323571441492,"namespace=app-location,pod=app-location-db-5d84f495fc-v57wx","{""namespace"": ""app-location"", ""pod"": ""app-location-db-5d84f495fc-v57wx""}"
pod_cpu_seconds_rate,1788097449,2026-08-30T13:44:09Z,0.004091832890510376,"namespace=app-location,pod=app-location-db-5d84f495fc-v57wx","{""namespace"": ""app-location"", ""pod"": ""app-location-db-5d84f495fc-v57wx""}"
pod_cpu_seconds_rate,1788097464,2026-08-30T13:44:24Z,0.0037330359770249835,"namespace=app-location,pod=app-location-db-5d84f495fc-v57wx","{""namespace"": ""app-location"", ""pod"": ""app-location-db-5d84f495fc-v57wx""}"
pod_cpu_seconds_rate,1788097479,2026-08-30T13:44:39Z,0.00575779634378361,"namespace=app-location,pod=app-location-db-5d84f495fc-v57wx","{""namespace"": ""app-location"", ""pod"": ""app-location-db-5d84f495fc-v57wx""}"
pod_cpu_seconds_rate,1788097494,2026-08-30T13:44:54Z,0.006442082234812366,"namespace=app-location,pod=app-location-db-5d84f495fc-v57wx","{""namespace"": ""app-location"", ""pod"": ""app-location-db-5d84f495fc-v57wx""}"
pod_cpu_seconds_rate,1788097509,2026-08-30T13:45:09Z,0.006749164863531105,"namespace=app-location,pod=app-location-db-5d84f495fc-v57wx","{""namespace"": ""app-location"", ""pod"": ""app-location-db-5d84f495fc-v57wx""}"
pod_cpu_seconds_rate,1788097524,2026-08-30T13:45:24Z,0.006680697175878457,"namespace=app-location,pod=app-location-db-5d84f495fc-v57wx","{""namespace"": ""app-location"", ""pod"": ""app-location-db-5d84f495fc-v57wx""}"
pod_cpu_seconds_rate,1788097539,2026-08-30T13:45:39Z,0.005386282352036304,"namespace=app-location,pod=app-location-db-5d84f495fc-v57wx","{""namespace"": ""app-location"", ""pod"": ""app-location-db-5d84f495fc-v57wx""}"
pod_cpu_seconds_rate,1788097554,2026-08-30T13:45:54Z,0.005389181192008853,"namespace=app-location,pod=app-location-db-5d84f495fc-v57wx","{""namespace"": ""app-location"", ""pod"": ""app-location-db-5d84f495fc-v57wx""}"
pod_cpu_seconds_rate,1788097569,2026-08-30T13:46:09Z,0.0034295544070756644,"namespace=app-location,pod=app-location-db-5d84f495fc-v57wx","{""namespace"": ""app-location"", ""pod"": ""app-location-db-5d84f495fc-v57wx""}"
pod_cpu_seconds_rate,1788097584,2026-08-30T13:46:24Z,0.0035583076578881044,"namespace=app-location,pod=app-location-db-5d84f495fc-v57wx","{""namespace"": ""app-location"", ""pod"": ""app-location-db-5d84f495fc-v57wx""}"
pod_cpu_seconds_rate,1788097599,2026-08-30T13:46:39Z,0.0031675044281679323,"namespace=app-location,pod=app-location-db-5d84f495fc-v57wx","{""namespace"": ""app-location"", ""pod"": ""app-location-db-5d84f495fc-v57wx""}"
pod_cpu_seconds_rate,1788097614,2026-08-30T13:46:54Z,0.0031170213733929036,"namespace=app-location,pod=app-location-db-5d84f495fc-v57wx","{""namespace"": ""app-location"", ""pod"": ""app-location-db-5d84f495fc-v57wx""}"
pod_cpu_seconds_rate,1788097629,2026-08-30T13:47:09Z,0.0031591928047216785,"namespace=app-location,pod=app-location-db-5d84f495fc-v57wx","{""namespace"": ""app-location"", ""pod"": ""app-location-db-5d84f495fc-v57wx""}"
pod_cpu_seconds_rate,1788097644,2026-08-30T13:47:24Z,0.0033197136470388493,"namespace=app-location,pod=app-location-db-5d84f495fc-v57wx","{""namespace"": ""app-location"", ""pod"": ""app-location-db-5d84f495fc-v57wx""}"
pod_cpu_seconds_rate,1788097659,2026-08-30T13:47:39Z,0.0034351831093002187,"namespace=app-location,pod=app-location-db-5d84f495fc-v57wx","{""namespace"": ""app-location"", ""pod"": ""app-location-db-5d84f495fc-v57wx""}"
pod_cpu_seconds_rate,1788097674,2026-08-30T13:47:54Z,0.0032484383561643864,"namespace=app-location,pod=app-location-db-5d84f495fc-v57wx","{""namespace"": ""app-location"", ""pod"": ""app-location-db-5d84f495fc-v57wx""}"
pod_cpu_seconds_rate,1788097689,2026-08-30T13:48:09Z,0.0030553144094348865,"namespace=app-location,pod=app-location-db-5d84f495fc-v57wx","{""namespace"": ""app-location"", ""pod"": ""app-location-db-5d84f495fc-v57wx""}"
pod_cpu_seconds_rate,1788097704,2026-08-30T13:48:24Z,0.002951710149242627,"namespace=app-location,pod=app-location-db-5d84f495fc-v57wx","{""namespace"": ""app-location"", ""pod"": ""app-location-db-5d84f495fc-v57wx""}"
pod_cpu_seconds_rate,1788097719,2026-08-30T13:48:39Z,0.0026835731557458232,"namespace=app-location,pod=app-location-db-5d84f495fc-v57wx","{""namespace"": ""app-location"", ""pod"": ""app-location-db-5d84f495fc-v57wx""}"
pod_cpu_seconds_rate,1788097734,2026-08-30T13:48:54Z,0.0025717709331888397,"namespace=app-location,pod=app-location-db-5d84f495fc-v57wx","{""namespace"": ""app-location"", ""pod"": ""app-location-db-5d84f495fc-v57wx""}"
pod_cpu_seconds_rate,1788097749,2026-08-30T13:49:09Z,0.0028445979379361237,"namespace=app-location,pod=app-location-db-5d84f495fc-v57wx","{""namespace"": ""app-location"", ""pod"": ""app-location-db-5d84f495fc-v57wx""}"
pod_cpu_seconds_rate,1788097764,2026-08-30T13:49:24Z,0.0029838562738164036,"namespace=app-location,pod=app-location-db-5d84f495fc-v57wx","{""namespace"": ""app-location"", ""pod"": ""app-location-db-5d84f495fc-v57wx""}"
pod_cpu_seconds_rate,1788097779,2026-08-30T13:49:39Z,0.002941823240020049,"namespace=app-location,pod=app-location-db-5d84f495fc-v57wx","{""namespace"": ""app-location"", ""pod"": ""app-location-db-5d84f495fc-v57wx""}"
pod_cpu_seconds_rate,1788097794,2026-08-30T13:49:54Z,0.0027098713130849954,"namespace=app-location,pod=app-location-db-5d84f495fc-v57wx","{""namespace"": ""app-location"", ""pod"": ""app-location-db-5d84f495fc-v57wx""}"
pod_cpu_seconds_rate,1788097809,2026-08-30T13:50:09Z,0.0026899479176602983,"namespace=app-location,pod=app-location-db-5d84f495fc-v57wx","{""namespace"": ""app-location"", ""pod"": ""app-location-db-5d84f495fc-v57wx""}"
pod_cpu_seconds_rate,1788097824,2026-08-30T13:50:24Z,0.0028084353142671303,"namespace=app-location,pod=app-location-db-5d84f495fc-v57wx","{""namespace"": ""app-location"", ""pod"": ""app-location-db-5d84f495fc-v57wx""}"
pod_cpu_seconds_rate,1788097839,2026-08-30T13:50:39Z,0.00283772711249155,"namespace=app-location,pod=app-location-db-5d84f495fc-v57wx","{""namespace"": ""app-location"", ""pod"": ""app-location-db-5d84f495fc-v57wx""}"
pod_cpu_seconds_rate,1788097854,2026-08-30T13:50:54Z,0.002737261072369582,"namespace=app-location,pod=app-location-db-5d84f495fc-v57wx","{""namespace"": ""app-location"", ""pod"": ""app-location-db-5d84f495fc-v57wx""}"
pod_cpu_seconds_rate,1788097869,2026-08-30T13:51:09Z,0.002520056155387868,"namespace=app-location,pod=app-location-db-5d84f495fc-v57wx","{""namespace"": ""app-location"", ""pod"": ""app-location-db-5d84f495fc-v57wx""}"
pod_cpu_seconds_rate,1788097884,2026-08-30T13:51:24Z,0.00272595482511446,"namespace=app-location,pod=app-location-db-5d84f495fc-v57wx","{""namespace"": ""app-location"", ""pod"": ""app-location-db-5d84f495fc-v57wx""}"
pod_cpu_seconds_rate,1788097899,2026-08-30T13:51:39Z,0.0025406409075608856,"namespace=app-location,pod=app-location-db-5d84f495fc-v57wx","{""namespace"": ""app-location"", ""pod"": ""app-location-db-5d84f495fc-v57wx""}"
pod_cpu_seconds_rate,1788097914,2026-08-30T13:51:54Z,0.0028924255609283434,"namespace=app-location,pod=app-location-db-5d84f495fc-v57wx","{""namespace"": ""app-location"", ""pod"": ""app-location-db-5d84f495fc-v57wx""}"
pod_cpu_seconds_rate,1788097929,2026-08-30T13:52:09Z,0.0029009552317647513,"namespace=app-location,pod=app-location-db-5d84f495fc-v57wx","{""namespace"": ""app-location"", ""pod"": ""app-location-db-5d84f495fc-v57wx""}"
pod_cpu_seconds_rate,1788097944,2026-08-30T13:52:24Z,0.0029679357370327097,"namespace=app-location,pod=app-location-db-5d84f495fc-v57wx","{""namespace"": ""app-location"", ""pod"": ""app-location-db-5d84f495fc-v57wx""}"
pod_cpu_seconds_rate,1788097959,2026-08-30T13:52:39Z,0.002863338644007789,"namespace=app-location,pod=app-location-db-5d84f495fc-v57wx","{""namespace"": ""app-location"", ""pod"": ""app-location-db-5d84f495fc-v57wx""}"
pod_cpu_seconds_rate,1788097974,2026-08-30T13:52:54Z,0.002775469712071391,"namespace=app-location,pod=app-location-db-5d84f495fc-v57wx","{""namespace"": ""app-location"", ""pod"": ""app-location-db-5d84f495fc-v57wx""}"
pod_cpu_seconds_rate,1788097989,2026-08-30T13:53:09Z,0.0029607463769464066,"namespace=app-location,pod=app-location-db-5d84f495fc-v57wx","{""namespace"": ""app-location"", ""pod"": ""app-location-db-5d84f495fc-v57wx""}"
pod_cpu_seconds_rate,1788098004,2026-08-30T13:53:24Z,0.0034694250002668945,"namespace=app-location,pod=app-location-db-5d84f495fc-v57wx","{""namespace"": ""app-location"", ""pod"": ""app-location-db-5d84f495fc-v57wx""}"
pod_cpu_seconds_rate,1788098019,2026-08-30T13:53:39Z,0.003998118757340484,"namespace=app-location,pod=app-location-db-5d84f495fc-v57wx","{""namespace"": ""app-location"", ""pod"": ""app-location-db-5d84f495fc-v57wx""}"
pod_cpu_seconds_rate,1788098034,2026-08-30T13:53:54Z,0.004159877033752984,"namespace=app-location,pod=app-location-db-5d84f495fc-v57wx","{""namespace"": ""app-location"", ""pod"": ""app-location-db-5d84f495fc-v57wx""}"
pod_cpu_seconds_rate,1788098049,2026-08-30T13:54:09Z,0.004225037626316919,"namespace=app-location,pod=app-location-db-5d84f495fc-v57wx","{""namespace"": ""app-location"", ""pod"": ""app-location-db-5d84f495fc-v57wx""}"
pod_cpu_seconds_rate,1788098064,2026-08-30T13:54:24Z,0.004818002801083709,"namespace=app-location,pod=app-location-db-5d84f495fc-v57wx","{""namespace"": ""app-location"", ""pod"": ""app-location-db-5d84f495fc-v57wx""}"
pod_cpu_seconds_rate,1788098079,2026-08-30T13:54:39Z,0.006074045809092452,"namespace=app-location,pod=app-location-db-5d84f495fc-v57wx","{""namespace"": ""app-location"", ""pod"": ""app-location-db-5d84f495fc-v57wx""}"
pod_cpu_seconds_rate,1788098094,2026-08-30T13:54:54Z,0.006126089780534445,"namespace=app-location,pod=app-location-db-5d84f495fc-v57wx","{""namespace"": ""app-location"", ""pod"": ""app-location-db-5d84f495fc-v57wx""}"
pod_cpu_seconds_rate,1788098109,2026-08-30T13:55:09Z,0.005454763027160313,"namespace=app-location,pod=app-location-db-5d84f495fc-v57wx","{""namespace"": ""app-location"", ""pod"": ""app-location-db-5d84f495fc-v57wx""}"
pod_cpu_seconds_rate,1788098124,2026-08-30T13:55:24Z,0.005362026722132139,"namespace=app-location,pod=app-location-db-5d84f495fc-v57wx","{""namespace"": ""app-location"", ""pod"": ""app-location-db-5d84f495fc-v57wx""}"
pod_cpu_seconds_rate,1788098139,2026-08-30T13:55:39Z,0.0056839558136643695,"namespace=app-location,pod=app-location-db-5d84f495fc-v57wx","{""namespace"": ""app-location"", ""pod"": ""app-location-db-5d84f495fc-v57wx""}"
pod_cpu_seconds_rate,1788098154,2026-08-30T13:55:54Z,0.005774395836843196,"namespace=app-location,pod=app-location-db-5d84f495fc-v57wx","{""namespace"": ""app-location"", ""pod"": ""app-location-db-5d84f495fc-v57wx""}"
pod_cpu_seconds_rate,1788098169,2026-08-30T13:56:09Z,0.005117558308267435,"namespace=app-location,pod=app-location-db-5d84f495fc-v57wx","{""namespace"": ""app-location"", ""pod"": ""app-location-db-5d84f495fc-v57wx""}"
pod_cpu_seconds_rate,1788098184,2026-08-30T13:56:24Z,0.004131433484829862,"namespace=app-location,pod=app-location-db-5d84f495fc-v57wx","{""namespace"": ""app-location"", ""pod"": ""app-location-db-5d84f495fc-v57wx""}"
pod_cpu_seconds_rate,1788098199,2026-08-30T13:56:39Z,0.003478215686077463,"namespace=app-location,pod=app-location-db-5d84f495fc-v57wx","{""namespace"": ""app-location"", ""pod"": ""app-location-db-5d84f495fc-v57wx""}"
pod_cpu_seconds_rate,1788098214,2026-08-30T13:56:54Z,0.003773323954640075,"namespace=app-location,pod=app-location-db-5d84f495fc-v57wx","{""namespace"": ""app-location"", ""pod"": ""app-location-db-5d84f495fc-v57wx""}"
pod_cpu_seconds_rate,1788098229,2026-08-30T13:57:09Z,0.004447867410406683,"namespace=app-location,pod=app-location-db-5d84f495fc-v57wx","{""namespace"": ""app-location"", ""pod"": ""app-location-db-5d84f495fc-v57wx""}"
pod_cpu_seconds_rate,1788098244,2026-08-30T13:57:24Z,0.004953799236683044,"namespace=app-location,pod=app-location-db-5d84f495fc-v57wx","{""namespace"": ""app-location"", ""pod"": ""app-location-db-5d84f495fc-v57wx""}"
pod_cpu_seconds_rate,1788098259,2026-08-30T13:57:39Z,0.00550190203846052,"namespace=app-location,pod=app-location-db-5d84f495fc-v57wx","{""namespace"": ""app-location"", ""pod"": ""app-location-db-5d84f495fc-v57wx""}"
pod_cpu_seconds_rate,1788098274,2026-08-30T13:57:54Z,0.00571109544185686,"namespace=app-location,pod=app-location-db-5d84f495fc-v57wx","{""namespace"": ""app-location"", ""pod"": ""app-location-db-5d84f495fc-v57wx""}"
pod_cpu_seconds_rate,1788098289,2026-08-30T13:58:09Z,0.00575937921727396,"namespace=app-location,pod=app-location-db-5d84f495fc-v57wx","{""namespace"": ""app-location"", ""pod"": ""app-location-db-5d84f495fc-v57wx""}"
pod_cpu_seconds_rate,1788098304,2026-08-30T13:58:24Z,0.005502742366453462,"namespace=app-location,pod=app-location-db-5d84f495fc-v57wx","{""namespace"": ""app-location"", ""pod"": ""app-location-db-5d84f495fc-v57wx""}"
pod_cpu_seconds_rate,1788096504,2026-08-30T13:28:24Z,0.013964075339303819,"namespace=app-location,pod=app-location-service-67f4f4d8fc-9ngjh","{""namespace"": ""app-location"", ""pod"": ""app-location-service-67f4f4d8fc-9ngjh""}"
pod_cpu_seconds_rate,1788096519,2026-08-30T13:28:39Z,0.012459026186419109,"namespace=app-location,pod=app-location-service-67f4f4d8fc-9ngjh","{""namespace"": ""app-location"", ""pod"": ""app-location-service-67f4f4d8fc-9ngjh""}"
pod_cpu_seconds_rate,1788096534,2026-08-30T13:28:54Z,0.012338665910655676,"namespace=app-location,pod=app-location-service-67f4f4d8fc-9ngjh","{""namespace"": ""app-location"", ""pod"": ""app-location-service-67f4f4d8fc-9ngjh""}"
pod_cpu_seconds_rate,1788096549,2026-08-30T13:29:09Z,0.012273044740688422,"namespace=app-location,pod=app-location-service-67f4f4d8fc-9ngjh","{""namespace"": ""app-location"", ""pod"": ""app-location-service-67f4f4d8fc-9ngjh""}"
pod_cpu_seconds_rate,1788096564,2026-08-30T13:29:24Z,0.012934753554740497,"namespace=app-location,pod=app-location-service-67f4f4d8fc-9ngjh","{""namespace"": ""app-location"", ""pod"": ""app-location-service-67f4f4d8fc-9ngjh""}"
pod_cpu_seconds_rate,1788096579,2026-08-30T13:29:39Z,0.012113893891219136,"namespace=app-location,pod=app-location-service-67f4f4d8fc-9ngjh","{""namespace"": ""app-location"", ""pod"": ""app-location-service-67f4f4d8fc-9ngjh""}"
pod_cpu_seconds_rate,1788096594,2026-08-30T13:29:54Z,0.013537413835333613,"namespace=app-location,pod=app-location-service-67f4f4d8fc-9ngjh","{""namespace"": ""app-location"", ""pod"": ""app-location-service-67f4f4d8fc-9ngjh""}"
pod_cpu_seconds_rate,1788096609,2026-08-30T13:30:09Z,0.013731166420787113,"namespace=app-location,pod=app-location-service-67f4f4d8fc-9ngjh","{""namespace"": ""app-location"", ""pod"": ""app-location-service-67f4f4d8fc-9ngjh""}"
pod_cpu_seconds_rate,1788096624,2026-08-30T13:30:24Z,0.01282410232339823,"namespace=app-location,pod=app-location-service-67f4f4d8fc-9ngjh","{""namespace"": ""app-location"", ""pod"": ""app-location-service-67f4f4d8fc-9ngjh""}"
pod_cpu_seconds_rate,1788096639,2026-08-30T13:30:39Z,0.012937988734692495,"namespace=app-location,pod=app-location-service-67f4f4d8fc-9ngjh","{""namespace"": ""app-location"", ""pod"": ""app-location-service-67f4f4d8fc-9ngjh""}"
pod_cpu_seconds_rate,1788096654,2026-08-30T13:30:54Z,0.013053153190009647,"namespace=app-location,pod=app-location-service-67f4f4d8fc-9ngjh","{""namespace"": ""app-location"", ""pod"": ""app-location-service-67f4f4d8fc-9ngjh""}"
pod_cpu_seconds_rate,1788096669,2026-08-30T13:31:09Z,0.012722265345115781,"namespace=app-location,pod=app-location-service-67f4f4d8fc-9ngjh","{""namespace"": ""app-location"", ""pod"": ""app-location-service-67f4f4d8fc-9ngjh""}"
pod_cpu_seconds_rate,1788096684,2026-08-30T13:31:24Z,0.010636214774977525,"namespace=app-location,pod=app-location-service-67f4f4d8fc-9ngjh","{""namespace"": ""app-location"", ""pod"": ""app-location-service-67f4f4d8fc-9ngjh""}"
pod_cpu_seconds_rate,1788096699,2026-08-30T13:31:39Z,0.012871360497716474,"namespace=app-location,pod=app-location-service-67f4f4d8fc-9ngjh","{""namespace"": ""app-location"", ""pod"": ""app-location-service-67f4f4d8fc-9ngjh""}"
pod_cpu_seconds_rate,1788096714,2026-08-30T13:31:54Z,0.012035132520025154,"namespace=app-location,pod=app-location-service-67f4f4d8fc-9ngjh","{""namespace"": ""app-location"", ""pod"": ""app-location-service-67f4f4d8fc-9ngjh""}"
pod_cpu_seconds_rate,1788096729,2026-08-30T13:32:09Z,0.01271584901399198,"namespace=app-location,pod=app-location-service-67f4f4d8fc-9ngjh","{""namespace"": ""app-location"", ""pod"": ""app-location-service-67f4f4d8fc-9ngjh""}"
pod_cpu_seconds_rate,1788096744,2026-08-30T13:32:24Z,0.014263877249690688,"namespace=app-location,pod=app-location-service-67f4f4d8fc-9ngjh","{""namespace"": ""app-location"", ""pod"": ""app-location-service-67f4f4d8fc-9ngjh""}"
pod_cpu_seconds_rate,1788096759,2026-08-30T13:32:39Z,0.013431293079496635,"namespace=app-location,pod=app-location-service-67f4f4d8fc-9ngjh","{""namespace"": ""app-location"", ""pod"": ""app-location-service-67f4f4d8fc-9ngjh""}"
pod_cpu_seconds_rate,1788096774,2026-08-30T13:32:54Z,0.013407750611556043,"namespace=app-location,pod=app-location-service-67f4f4d8fc-9ngjh","{""namespace"": ""app-location"", ""pod"": ""app-location-service-67f4f4d8fc-9ngjh""}"
pod_cpu_seconds_rate,1788096789,2026-08-30T13:33:09Z,0.014776770071112076,"namespace=app-location,pod=app-location-service-67f4f4d8fc-9ngjh","{""namespace"": ""app-location"", ""pod"": ""app-location-service-67f4f4d8fc-9ngjh""}"
pod_cpu_seconds_rate,1788096804,2026-08-30T13:33:24Z,0.014806178193286765,"namespace=app-location,pod=app-location-service-67f4f4d8fc-9ngjh","{""namespace"": ""app-location"", ""pod"": ""app-location-service-67f4f4d8fc-9ngjh""}"
pod_cpu_seconds_rate,1788096819,2026-08-30T13:33:39Z,0.014253343887454679,"namespace=app-location,pod=app-location-service-67f4f4d8fc-9ngjh","{""namespace"": ""app-location"", ""pod"": ""app-location-service-67f4f4d8fc-9ngjh""}"
pod_cpu_seconds_rate,1788096834,2026-08-30T13:33:54Z,0.013801947738887271,"namespace=app-location,pod=app-location-service-67f4f4d8fc-9ngjh","{""namespace"": ""app-location"", ""pod"": ""app-location-service-67f4f4d8fc-9ngjh""}"
pod_cpu_seconds_rate,1788096849,2026-08-30T13:34:09Z,0.012127882534132547,"namespace=app-location,pod=app-location-service-67f4f4d8fc-9ngjh","{""namespace"": ""app-location"", ""pod"": ""app-location-service-67f4f4d8fc-9ngjh""}"
pod_cpu_seconds_rate,1788096864,2026-08-30T13:34:24Z,0.012439472661443724,"namespace=app-location,pod=app-location-service-67f4f4d8fc-9ngjh","{""namespace"": ""app-location"", ""pod"": ""app-location-service-67f4f4d8fc-9ngjh""}"
pod_cpu_seconds_rate,1788096879,2026-08-30T13:34:39Z,0.010659139101428471,"namespace=app-location,pod=app-location-service-67f4f4d8fc-9ngjh","{""namespace"": ""app-location"", ""pod"": ""app-location-service-67f4f4d8fc-9ngjh""}"
pod_cpu_seconds_rate,1788096894,2026-08-30T13:34:54Z,0.014320295519716522,"namespace=app-location,pod=app-location-service-67f4f4d8fc-9ngjh","{""namespace"": ""app-location"", ""pod"": ""app-location-service-67f4f4d8fc-9ngjh""}"
pod_cpu_seconds_rate,1788096909,2026-08-30T13:35:09Z,0.014021983768407,"namespace=app-location,pod=app-location-service-67f4f4d8fc-9ngjh","{""namespace"": ""app-location"", ""pod"": ""app-location-service-67f4f4d8fc-9ngjh""}"
pod_cpu_seconds_rate,1788096924,2026-08-30T13:35:24Z,0.01694832192964993,"namespace=app-location,pod=app-location-service-67f4f4d8fc-9ngjh","{""namespace"": ""app-location"", ""pod"": ""app-location-service-67f4f4d8fc-9ngjh""}"
pod_cpu_seconds_rate,1788096939,2026-08-30T13:35:39Z,0.018312230231011997,"namespace=app-location,pod=app-location-service-67f4f4d8fc-9ngjh","{""namespace"": ""app-location"", ""pod"": ""app-location-service-67f4f4d8fc-9ngjh""}"
pod_cpu_seconds_rate,1788096954,2026-08-30T13:35:54Z,0.016442882647944145,"namespace=app-location,pod=app-location-service-67f4f4d8fc-9ngjh","{""namespace"": ""app-location"", ""pod"": ""app-location-service-67f4f4d8fc-9ngjh""}"
pod_cpu_seconds_rate,1788096969,2026-08-30T13:36:09Z,0.017270902569220165,"namespace=app-location,pod=app-location-service-67f4f4d8fc-9ngjh","{""namespace"": ""app-location"", ""pod"": ""app-location-service-67f4f4d8fc-9ngjh""}"
pod_cpu_seconds_rate,1788096984,2026-08-30T13:36:24Z,0.019691005932447568,"namespace=app-location,pod=app-location-service-67f4f4d8fc-9ngjh","{""namespace"": ""app-location"", ""pod"": ""app-location-service-67f4f4d8fc-9ngjh""}"
pod_cpu_seconds_rate,1788096999,2026-08-30T13:36:39Z,0.02071544432964239,"namespace=app-location,pod=app-location-service-67f4f4d8fc-9ngjh","{""namespace"": ""app-location"", ""pod"": ""app-location-service-67f4f4d8fc-9ngjh""}"
pod_cpu_seconds_rate,1788097014,2026-08-30T13:36:54Z,0.01641614464994799,"namespace=app-location,pod=app-location-service-67f4f4d8fc-9ngjh","{""namespace"": ""app-location"", ""pod"": ""app-location-service-67f4f4d8fc-9ngjh""}"
pod_cpu_seconds_rate,1788097029,2026-08-30T13:37:09Z,0.015563244964601548,"namespace=app-location,pod=app-location-service-67f4f4d8fc-9ngjh","{""namespace"": ""app-location"", ""pod"": ""app-location-service-67f4f4d8fc-9ngjh""}"
pod_cpu_seconds_rate,1788097044,2026-08-30T13:37:24Z,0.013420210667848683,"namespace=app-location,pod=app-location-service-67f4f4d8fc-9ngjh","{""namespace"": ""app-location"", ""pod"": ""app-location-service-67f4f4d8fc-9ngjh""}"
pod_cpu_seconds_rate,1788097059,2026-08-30T13:37:39Z,0.015453475141290753,"namespace=app-location,pod=app-location-service-67f4f4d8fc-9ngjh","{""namespace"": ""app-location"", ""pod"": ""app-location-service-67f4f4d8fc-9ngjh""}"
pod_cpu_seconds_rate,1788097074,2026-08-30T13:37:54Z,0.017015607978835442,"namespace=app-location,pod=app-location-service-67f4f4d8fc-9ngjh","{""namespace"": ""app-location"", ""pod"": ""app-location-service-67f4f4d8fc-9ngjh""}"
pod_cpu_seconds_rate,1788097089,2026-08-30T13:38:09Z,0.015347862514510712,"namespace=app-location,pod=app-location-service-67f4f4d8fc-9ngjh","{""namespace"": ""app-location"", ""pod"": ""app-location-service-67f4f4d8fc-9ngjh""}"
pod_cpu_seconds_rate,1788097104,2026-08-30T13:38:24Z,0.015345611430692166,"namespace=app-location,pod=app-location-service-67f4f4d8fc-9ngjh","{""namespace"": ""app-location"", ""pod"": ""app-location-service-67f4f4d8fc-9ngjh""}"
pod_cpu_seconds_rate,1788097119,2026-08-30T13:38:39Z,0.01632958692032452,"namespace=app-location,pod=app-location-service-67f4f4d8fc-9ngjh","{""namespace"": ""app-location"", ""pod"": ""app-location-service-67f4f4d8fc-9ngjh""}"
pod_cpu_seconds_rate,1788097134,2026-08-30T13:38:54Z,0.017302592488351004,"namespace=app-location,pod=app-location-service-67f4f4d8fc-9ngjh","{""namespace"": ""app-location"", ""pod"": ""app-location-service-67f4f4d8fc-9ngjh""}"
pod_cpu_seconds_rate,1788097149,2026-08-30T13:39:09Z,0.01619239592336903,"namespace=app-location,pod=app-location-service-67f4f4d8fc-9ngjh","{""namespace"": ""app-location"", ""pod"": ""app-location-service-67f4f4d8fc-9ngjh""}"
pod_cpu_seconds_rate,1788097164,2026-08-30T13:39:24Z,0.01676765812708067,"namespace=app-location,pod=app-location-service-67f4f4d8fc-9ngjh","{""namespace"": ""app-location"", ""pod"": ""app-location-service-67f4f4d8fc-9ngjh""}"
pod_cpu_seconds_rate,1788097179,2026-08-30T13:39:39Z,0.014501890074746117,"namespace=app-location,pod=app-location-service-67f4f4d8fc-9ngjh","{""namespace"": ""app-location"", ""pod"": ""app-location-service-67f4f4d8fc-9ngjh""}"
pod_cpu_seconds_rate,1788097194,2026-08-30T13:39:54Z,0.013565767796868694,"namespace=app-location,pod=app-location-service-67f4f4d8fc-9ngjh","{""namespace"": ""app-location"", ""pod"": ""app-location-service-67f4f4d8fc-9ngjh""}"
pod_cpu_seconds_rate,1788097209,2026-08-30T13:40:09Z,0.0295946853555263,"namespace=app-location,pod=app-location-service-67f4f4d8fc-9ngjh","{""namespace"": ""app-location"", ""pod"": ""app-location-service-67f4f4d8fc-9ngjh""}"
pod_cpu_seconds_rate,1788097224,2026-08-30T13:40:24Z,0.028214523226945645,"namespace=app-location,pod=app-location-service-67f4f4d8fc-9ngjh","{""namespace"": ""app-location"", ""pod"": ""app-location-service-67f4f4d8fc-9ngjh""}"
pod_cpu_seconds_rate,1788097239,2026-08-30T13:40:39Z,0.02654935101001545,"namespace=app-location,pod=app-location-service-67f4f4d8fc-9ngjh","{""namespace"": ""app-location"", ""pod"": ""app-location-service-67f4f4d8fc-9ngjh""}"
pod_cpu_seconds_rate,1788097254,2026-08-30T13:40:54Z,0.02843659090515073,"namespace=app-location,pod=app-location-service-67f4f4d8fc-9ngjh","{""namespace"": ""app-location"", ""pod"": ""app-location-service-67f4f4d8fc-9ngjh""}"
pod_cpu_seconds_rate,1788097269,2026-08-30T13:41:09Z,0.030247605160492845,"namespace=app-location,pod=app-location-service-67f4f4d8fc-9ngjh","{""namespace"": ""app-location"", ""pod"": ""app-location-service-67f4f4d8fc-9ngjh""}"
pod_cpu_seconds_rate,1788097284,2026-08-30T13:41:24Z,0.03334550114901887,"namespace=app-location,pod=app-location-service-67f4f4d8fc-9ngjh","{""namespace"": ""app-location"", ""pod"": ""app-location-service-67f4f4d8fc-9ngjh""}"
pod_cpu_seconds_rate,1788097299,2026-08-30T13:41:39Z,0.032078499378594784,"namespace=app-location,pod=app-location-service-67f4f4d8fc-9ngjh","{""namespace"": ""app-location"", ""pod"": ""app-location-service-67f4f4d8fc-9ngjh""}"
pod_cpu_seconds_rate,1788097314,2026-08-30T13:41:54Z,0.01964355762312611,"namespace=app-location,pod=app-location-service-67f4f4d8fc-9ngjh","{""namespace"": ""app-location"", ""pod"": ""app-location-service-67f4f4d8fc-9ngjh""}"
pod_cpu_seconds_rate,1788097329,2026-08-30T13:42:09Z,0.020360348575108694,"namespace=app-location,pod=app-location-service-67f4f4d8fc-9ngjh","{""namespace"": ""app-location"", ""pod"": ""app-location-service-67f4f4d8fc-9ngjh""}"
pod_cpu_seconds_rate,1788097344,2026-08-30T13:42:24Z,0.020852714626803676,"namespace=app-location,pod=app-location-service-67f4f4d8fc-9ngjh","{""namespace"": ""app-location"", ""pod"": ""app-location-service-67f4f4d8fc-9ngjh""}"
pod_cpu_seconds_rate,1788097359,2026-08-30T13:42:39Z,0.020121841173292854,"namespace=app-location,pod=app-location-service-67f4f4d8fc-9ngjh","{""namespace"": ""app-location"", ""pod"": ""app-location-service-67f4f4d8fc-9ngjh""}"
pod_cpu_seconds_rate,1788097374,2026-08-30T13:42:54Z,0.020518134609510196,"namespace=app-location,pod=app-location-service-67f4f4d8fc-9ngjh","{""namespace"": ""app-location"", ""pod"": ""app-location-service-67f4f4d8fc-9ngjh""}"
pod_cpu_seconds_rate,1788097389,2026-08-30T13:43:09Z,0.019984645531656527,"namespace=app-location,pod=app-location-service-67f4f4d8fc-9ngjh","{""namespace"": ""app-location"", ""pod"": ""app-location-service-67f4f4d8fc-9ngjh""}"
pod_cpu_seconds_rate,1788097404,2026-08-30T13:43:24Z,0.018660496303013398,"namespace=app-location,pod=app-location-service-67f4f4d8fc-9ngjh","{""namespace"": ""app-location"", ""pod"": ""app-location-service-67f4f4d8fc-9ngjh""}"
pod_cpu_seconds_rate,1788097419,2026-08-30T13:43:39Z,0.01618222953846474,"namespace=app-location,pod=app-location-service-67f4f4d8fc-9ngjh","{""namespace"": ""app-location"", ""pod"": ""app-location-service-67f4f4d8fc-9ngjh""}"
pod_cpu_seconds_rate,1788097434,2026-08-30T13:43:54Z,0.01619951458938592,"namespace=app-location,pod=app-location-service-67f4f4d8fc-9ngjh","{""namespace"": ""app-location"", ""pod"": ""app-location-service-67f4f4d8fc-9ngjh""}"
pod_cpu_seconds_rate,1788097449,2026-08-30T13:44:09Z,0.01619325016360409,"namespace=app-location,pod=app-location-service-67f4f4d8fc-9ngjh","{""namespace"": ""app-location"", ""pod"": ""app-location-service-67f4f4d8fc-9ngjh""}"
pod_cpu_seconds_rate,1788097464,2026-08-30T13:44:24Z,0.0223225850058127,"namespace=app-location,pod=app-location-service-67f4f4d8fc-9ngjh","{""namespace"": ""app-location"", ""pod"": ""app-location-service-67f4f4d8fc-9ngjh""}"
pod_cpu_seconds_rate,1788097479,2026-08-30T13:44:39Z,0.02605218826953211,"namespace=app-location,pod=app-location-service-67f4f4d8fc-9ngjh","{""namespace"": ""app-location"", ""pod"": ""app-location-service-67f4f4d8fc-9ngjh""}"
pod_cpu_seconds_rate,1788097494,2026-08-30T13:44:54Z,0.027251840363937074,"namespace=app-location,pod=app-location-service-67f4f4d8fc-9ngjh","{""namespace"": ""app-location"", ""pod"": ""app-location-service-67f4f4d8fc-9ngjh""}"
pod_cpu_seconds_rate,1788097509,2026-08-30T13:45:09Z,0.02728962236716369,"namespace=app-location,pod=app-location-service-67f4f4d8fc-9ngjh","{""namespace"": ""app-location"", ""pod"": ""app-location-service-67f4f4d8fc-9ngjh""}"
pod_cpu_seconds_rate,1788097524,2026-08-30T13:45:24Z,0.026258775664069183,"namespace=app-location,pod=app-location-service-67f4f4d8fc-9ngjh","{""namespace"": ""app-location"", ""pod"": ""app-location-service-67f4f4d8fc-9ngjh""}"
pod_cpu_seconds_rate,1788097539,2026-08-30T13:45:39Z,0.02748765216697732,"namespace=app-location,pod=app-location-service-67f4f4d8fc-9ngjh","{""namespace"": ""app-location"", ""pod"": ""app-location-service-67f4f4d8fc-9ngjh""}"
pod_cpu_seconds_rate,1788097554,2026-08-30T13:45:54Z,0.020260027936340318,"namespace=app-location,pod=app-location-service-67f4f4d8fc-9ngjh","{""namespace"": ""app-location"", ""pod"": ""app-location-service-67f4f4d8fc-9ngjh""}"
pod_cpu_seconds_rate,1788097569,2026-08-30T13:46:09Z,0.01879722775784946,"namespace=app-location,pod=app-location-service-67f4f4d8fc-9ngjh","{""namespace"": ""app-location"", ""pod"": ""app-location-service-67f4f4d8fc-9ngjh""}"
pod_cpu_seconds_rate,1788097584,2026-08-30T13:46:24Z,0.013860656334133775,"namespace=app-location,pod=app-location-service-67f4f4d8fc-9ngjh","{""namespace"": ""app-location"", ""pod"": ""app-location-service-67f4f4d8fc-9ngjh""}"
pod_cpu_seconds_rate,1788097599,2026-08-30T13:46:39Z,0.014705719038976864,"namespace=app-location,pod=app-location-service-67f4f4d8fc-9ngjh","{""namespace"": ""app-location"", ""pod"": ""app-location-service-67f4f4d8fc-9ngjh""}"
pod_cpu_seconds_rate,1788097614,2026-08-30T13:46:54Z,0.015072690929010117,"namespace=app-location,pod=app-location-service-67f4f4d8fc-9ngjh","{""namespace"": ""app-location"", ""pod"": ""app-location-service-67f4f4d8fc-9ngjh""}"
pod_cpu_seconds_rate,1788097629,2026-08-30T13:47:09Z,0.020055937617437063,"namespace=app-location,pod=app-location-service-67f4f4d8fc-9ngjh","{""namespace"": ""app-location"", ""pod"": ""app-location-service-67f4f4d8fc-9ngjh""}"
pod_cpu_seconds_rate,1788097644,2026-08-30T13:47:24Z,0.020847087101839634,"namespace=app-location,pod=app-location-service-67f4f4d8fc-9ngjh","{""namespace"": ""app-location"", ""pod"": ""app-location-service-67f4f4d8fc-9ngjh""}"
pod_cpu_seconds_rate,1788097659,2026-08-30T13:47:39Z,0.022263572704882408,"namespace=app-location,pod=app-location-service-67f4f4d8fc-9ngjh","{""namespace"": ""app-location"", ""pod"": ""app-location-service-67f4f4d8fc-9ngjh""}"
pod_cpu_seconds_rate,1788097674,2026-08-30T13:47:54Z,0.02250388012325711,"namespace=app-location,pod=app-location-service-67f4f4d8fc-9ngjh","{""namespace"": ""app-location"", ""pod"": ""app-location-service-67f4f4d8fc-9ngjh""}"
pod_cpu_seconds_rate,1788097689,2026-08-30T13:48:09Z,0.021539997129049228,"namespace=app-location,pod=app-location-service-67f4f4d8fc-9ngjh","{""namespace"": ""app-location"", ""pod"": ""app-location-service-67f4f4d8fc-9ngjh""}"
pod_cpu_seconds_rate,1788097704,2026-08-30T13:48:24Z,0.02036734314999552,"namespace=app-location,pod=app-location-service-67f4f4d8fc-9ngjh","{""namespace"": ""app-location"", ""pod"": ""app-location-service-67f4f4d8fc-9ngjh""}"
pod_cpu_seconds_rate,1788097719,2026-08-30T13:48:39Z,0.020189825340117644,"namespace=app-location,pod=app-location-service-67f4f4d8fc-9ngjh","{""namespace"": ""app-location"", ""pod"": ""app-location-service-67f4f4d8fc-9ngjh""}"
pod_cpu_seconds_rate,1788097734,2026-08-30T13:48:54Z,0.014495185899766129,"namespace=app-location,pod=app-location-service-67f4f4d8fc-9ngjh","{""namespace"": ""app-location"", ""pod"": ""app-location-service-67f4f4d8fc-9ngjh""}"
pod_cpu_seconds_rate,1788097749,2026-08-30T13:49:09Z,0.01356690798692197,"namespace=app-location,pod=app-location-service-67f4f4d8fc-9ngjh","{""namespace"": ""app-location"", ""pod"": ""app-location-service-67f4f4d8fc-9ngjh""}"
pod_cpu_seconds_rate,1788097764,2026-08-30T13:49:24Z,0.01316689784045159,"namespace=app-location,pod=app-location-service-67f4f4d8fc-9ngjh","{""namespace"": ""app-location"", ""pod"": ""app-location-service-67f4f4d8fc-9ngjh""}"
pod_cpu_seconds_rate,1788097779,2026-08-30T13:49:39Z,0.012999241345801398,"namespace=app-location,pod=app-location-service-67f4f4d8fc-9ngjh","{""namespace"": ""app-location"", ""pod"": ""app-location-service-67f4f4d8fc-9ngjh""}"
pod_cpu_seconds_rate,1788097794,2026-08-30T13:49:54Z,0.013014978842940006,"namespace=app-location,pod=app-location-service-67f4f4d8fc-9ngjh","{""namespace"": ""app-location"", ""pod"": ""app-location-service-67f4f4d8fc-9ngjh""}"
pod_cpu_seconds_rate,1788097809,2026-08-30T13:50:09Z,0.012196847735691312,"namespace=app-location,pod=app-location-service-67f4f4d8fc-9ngjh","{""namespace"": ""app-location"", ""pod"": ""app-location-service-67f4f4d8fc-9ngjh""}"
pod_cpu_seconds_rate,1788097824,2026-08-30T13:50:24Z,0.01224262176353435,"namespace=app-location,pod=app-location-service-67f4f4d8fc-9ngjh","{""namespace"": ""app-location"", ""pod"": ""app-location-service-67f4f4d8fc-9ngjh""}"
pod_cpu_seconds_rate,1788097839,2026-08-30T13:50:39Z,0.012060353726515715,"namespace=app-location,pod=app-location-service-67f4f4d8fc-9ngjh","{""namespace"": ""app-location"", ""pod"": ""app-location-service-67f4f4d8fc-9ngjh""}"
pod_cpu_seconds_rate,1788097854,2026-08-30T13:50:54Z,0.012105839200141988,"namespace=app-location,pod=app-location-service-67f4f4d8fc-9ngjh","{""namespace"": ""app-location"", ""pod"": ""app-location-service-67f4f4d8fc-9ngjh""}"
pod_cpu_seconds_rate,1788097869,2026-08-30T13:51:09Z,0.01396158900122711,"namespace=app-location,pod=app-location-service-67f4f4d8fc-9ngjh","{""namespace"": ""app-location"", ""pod"": ""app-location-service-67f4f4d8fc-9ngjh""}"
pod_cpu_seconds_rate,1788097884,2026-08-30T13:51:24Z,0.014116367165487484,"namespace=app-location,pod=app-location-service-67f4f4d8fc-9ngjh","{""namespace"": ""app-location"", ""pod"": ""app-location-service-67f4f4d8fc-9ngjh""}"
pod_cpu_seconds_rate,1788097899,2026-08-30T13:51:39Z,0.013408562062723249,"namespace=app-location,pod=app-location-service-67f4f4d8fc-9ngjh","{""namespace"": ""app-location"", ""pod"": ""app-location-service-67f4f4d8fc-9ngjh""}"
pod_cpu_seconds_rate,1788097914,2026-08-30T13:51:54Z,0.014992649341545216,"namespace=app-location,pod=app-location-service-67f4f4d8fc-9ngjh","{""namespace"": ""app-location"", ""pod"": ""app-location-service-67f4f4d8fc-9ngjh""}"
pod_cpu_seconds_rate,1788097929,2026-08-30T13:52:09Z,0.014543547822822077,"namespace=app-location,pod=app-location-service-67f4f4d8fc-9ngjh","{""namespace"": ""app-location"", ""pod"": ""app-location-service-67f4f4d8fc-9ngjh""}"
pod_cpu_seconds_rate,1788097944,2026-08-30T13:52:24Z,0.01528530470997716,"namespace=app-location,pod=app-location-service-67f4f4d8fc-9ngjh","{""namespace"": ""app-location"", ""pod"": ""app-location-service-67f4f4d8fc-9ngjh""}"
pod_cpu_seconds_rate,1788097959,2026-08-30T13:52:39Z,0.01492932748951414,"namespace=app-location,pod=app-location-service-67f4f4d8fc-9ngjh","{""namespace"": ""app-location"", ""pod"": ""app-location-service-67f4f4d8fc-9ngjh""}"
pod_cpu_seconds_rate,1788097974,2026-08-30T13:52:54Z,0.0137657175335986,"namespace=app-location,pod=app-location-service-67f4f4d8fc-9ngjh","{""namespace"": ""app-location"", ""pod"": ""app-location-service-67f4f4d8fc-9ngjh""}"
pod_cpu_seconds_rate,1788097989,2026-08-30T13:53:09Z,0.015137094499294672,"namespace=app-location,pod=app-location-service-67f4f4d8fc-9ngjh","{""namespace"": ""app-location"", ""pod"": ""app-location-service-67f4f4d8fc-9ngjh""}"
pod_cpu_seconds_rate,1788098004,2026-08-30T13:53:24Z,0.01963116052328452,"namespace=app-location,pod=app-location-service-67f4f4d8fc-9ngjh","{""namespace"": ""app-location"", ""pod"": ""app-location-service-67f4f4d8fc-9ngjh""}"
pod_cpu_seconds_rate,1788098019,2026-08-30T13:53:39Z,0.02257914984201534,"namespace=app-location,pod=app-location-service-67f4f4d8fc-9ngjh","{""namespace"": ""app-location"", ""pod"": ""app-location-service-67f4f4d8fc-9ngjh""}"
pod_cpu_seconds_rate,1788098034,2026-08-30T13:53:54Z,0.02581335175224603,"namespace=app-location,pod=app-location-service-67f4f4d8fc-9ngjh","{""namespace"": ""app-location"", ""pod"": ""app-location-service-67f4f4d8fc-9ngjh""}"
pod_cpu_seconds_rate,1788098049,2026-08-30T13:54:09Z,0.02588240510514719,"namespace=app-location,pod=app-location-service-67f4f4d8fc-9ngjh","{""namespace"": ""app-location"", ""pod"": ""app-location-service-67f4f4d8fc-9ngjh""}"
pod_cpu_seconds_rate,1788098064,2026-08-30T13:54:24Z,0.030443479397247567,"namespace=app-location,pod=app-location-service-67f4f4d8fc-9ngjh","{""namespace"": ""app-location"", ""pod"": ""app-location-service-67f4f4d8fc-9ngjh""}"
pod_cpu_seconds_rate,1788098079,2026-08-30T13:54:39Z,0.042166896284078784,"namespace=app-location,pod=app-location-service-67f4f4d8fc-9ngjh","{""namespace"": ""app-location"", ""pod"": ""app-location-service-67f4f4d8fc-9ngjh""}"
pod_cpu_seconds_rate,1788098094,2026-08-30T13:54:54Z,0.04120514579106301,"namespace=app-location,pod=app-location-service-67f4f4d8fc-9ngjh","{""namespace"": ""app-location"", ""pod"": ""app-location-service-67f4f4d8fc-9ngjh""}"
pod_cpu_seconds_rate,1788098109,2026-08-30T13:55:09Z,0.036638900080580176,"namespace=app-location,pod=app-location-service-67f4f4d8fc-9ngjh","{""namespace"": ""app-location"", ""pod"": ""app-location-service-67f4f4d8fc-9ngjh""}"
pod_cpu_seconds_rate,1788098124,2026-08-30T13:55:24Z,0.0358669530857384,"namespace=app-location,pod=app-location-service-67f4f4d8fc-9ngjh","{""namespace"": ""app-location"", ""pod"": ""app-location-service-67f4f4d8fc-9ngjh""}"
pod_cpu_seconds_rate,1788098139,2026-08-30T13:55:39Z,0.03372979032431014,"namespace=app-location,pod=app-location-service-67f4f4d8fc-9ngjh","{""namespace"": ""app-location"", ""pod"": ""app-location-service-67f4f4d8fc-9ngjh""}"
pod_cpu_seconds_rate,1788098154,2026-08-30T13:55:54Z,0.030651333693073768,"namespace=app-location,pod=app-location-service-67f4f4d8fc-9ngjh","{""namespace"": ""app-location"", ""pod"": ""app-location-service-67f4f4d8fc-9ngjh""}"
pod_cpu_seconds_rate,1788098169,2026-08-30T13:56:09Z,0.030063241673538233,"namespace=app-location,pod=app-location-service-67f4f4d8fc-9ngjh","{""namespace"": ""app-location"", ""pod"": ""app-location-service-67f4f4d8fc-9ngjh""}"
pod_cpu_seconds_rate,1788098184,2026-08-30T13:56:24Z,0.020281261552055244,"namespace=app-location,pod=app-location-service-67f4f4d8fc-9ngjh","{""namespace"": ""app-location"", ""pod"": ""app-location-service-67f4f4d8fc-9ngjh""}"
pod_cpu_seconds_rate,1788098199,2026-08-30T13:56:39Z,0.02304951336458302,"namespace=app-location,pod=app-location-service-67f4f4d8fc-9ngjh","{""namespace"": ""app-location"", ""pod"": ""app-location-service-67f4f4d8fc-9ngjh""}"
pod_cpu_seconds_rate,1788098214,2026-08-30T13:56:54Z,0.02449759419722429,"namespace=app-location,pod=app-location-service-67f4f4d8fc-9ngjh","{""namespace"": ""app-location"", ""pod"": ""app-location-service-67f4f4d8fc-9ngjh""}"
pod_cpu_seconds_rate,1788098229,2026-08-30T13:57:09Z,0.024035939694728024,"namespace=app-location,pod=app-location-service-67f4f4d8fc-9ngjh","{""namespace"": ""app-location"", ""pod"": ""app-location-service-67f4f4d8fc-9ngjh""}"
pod_cpu_seconds_rate,1788098244,2026-08-30T13:57:24Z,0.026796148757073326,"namespace=app-location,pod=app-location-service-67f4f4d8fc-9ngjh","{""namespace"": ""app-location"", ""pod"": ""app-location-service-67f4f4d8fc-9ngjh""}"
pod_cpu_seconds_rate,1788098259,2026-08-30T13:57:39Z,0.025644949388668972,"namespace=app-location,pod=app-location-service-67f4f4d8fc-9ngjh","{""namespace"": ""app-location"", ""pod"": ""app-location-service-67f4f4d8fc-9ngjh""}"
pod_cpu_seconds_rate,1788098274,2026-08-30T13:57:54Z,0.028606663572535863,"namespace=app-location,pod=app-location-service-67f4f4d8fc-9ngjh","{""namespace"": ""app-location"", ""pod"": ""app-location-service-67f4f4d8fc-9ngjh""}"
pod_cpu_seconds_rate,1788098289,2026-08-30T13:58:09Z,0.027305777301886214,"namespace=app-location,pod=app-location-service-67f4f4d8fc-9ngjh","{""namespace"": ""app-location"", ""pod"": ""app-location-service-67f4f4d8fc-9ngjh""}"
pod_cpu_seconds_rate,1788098304,2026-08-30T13:58:24Z,0.02494116879335785,"namespace=app-location,pod=app-location-service-67f4f4d8fc-9ngjh","{""namespace"": ""app-location"", ""pod"": ""app-location-service-67f4f4d8fc-9ngjh""}"
pod_cpu_seconds_rate,1788096504,2026-08-30T13:28:24Z,0.0038026064844246636,"namespace=app-location,pod=prometheus-6bbd89844d-nw6zz","{""namespace"": ""app-location"", ""pod"": ""prometheus-6bbd89844d-nw6zz""}"
pod_cpu_seconds_rate,1788096519,2026-08-30T13:28:39Z,0.002615069183797651,"namespace=app-location,pod=prometheus-6bbd89844d-nw6zz","{""namespace"": ""app-location"", ""pod"": ""prometheus-6bbd89844d-nw6zz""}"
pod_cpu_seconds_rate,1788096534,2026-08-30T13:28:54Z,0.003013050465394698,"namespace=app-location,pod=prometheus-6bbd89844d-nw6zz","{""namespace"": ""app-location"", ""pod"": ""prometheus-6bbd89844d-nw6zz""}"
pod_cpu_seconds_rate,1788096549,2026-08-30T13:29:09Z,0.0031370074658851953,"namespace=app-location,pod=prometheus-6bbd89844d-nw6zz","{""namespace"": ""app-location"", ""pod"": ""prometheus-6bbd89844d-nw6zz""}"
pod_cpu_seconds_rate,1788096564,2026-08-30T13:29:24Z,0.002902873984034204,"namespace=app-location,pod=prometheus-6bbd89844d-nw6zz","{""namespace"": ""app-location"", ""pod"": ""prometheus-6bbd89844d-nw6zz""}"
pod_cpu_seconds_rate,1788096579,2026-08-30T13:29:39Z,0.003135616053343152,"namespace=app-location,pod=prometheus-6bbd89844d-nw6zz","{""namespace"": ""app-location"", ""pod"": ""prometheus-6bbd89844d-nw6zz""}"
pod_cpu_seconds_rate,1788096594,2026-08-30T13:29:54Z,0.003179125675816425,"namespace=app-location,pod=prometheus-6bbd89844d-nw6zz","{""namespace"": ""app-location"", ""pod"": ""prometheus-6bbd89844d-nw6zz""}"
pod_cpu_seconds_rate,1788096609,2026-08-30T13:30:09Z,0.003117877055966167,"namespace=app-location,pod=prometheus-6bbd89844d-nw6zz","{""namespace"": ""app-location"", ""pod"": ""prometheus-6bbd89844d-nw6zz""}"
pod_cpu_seconds_rate,1788096624,2026-08-30T13:30:24Z,0.003313167043984473,"namespace=app-location,pod=prometheus-6bbd89844d-nw6zz","{""namespace"": ""app-location"", ""pod"": ""prometheus-6bbd89844d-nw6zz""}"
pod_cpu_seconds_rate,1788096639,2026-08-30T13:30:39Z,0.0026560513562542895,"namespace=app-location,pod=prometheus-6bbd89844d-nw6zz","{""namespace"": ""app-location"", ""pod"": ""prometheus-6bbd89844d-nw6zz""}"
pod_cpu_seconds_rate,1788096654,2026-08-30T13:30:54Z,0.003489468375459833,"namespace=app-location,pod=prometheus-6bbd89844d-nw6zz","{""namespace"": ""app-location"", ""pod"": ""prometheus-6bbd89844d-nw6zz""}"
pod_cpu_seconds_rate,1788096669,2026-08-30T13:31:09Z,0.003345530467925303,"namespace=app-location,pod=prometheus-6bbd89844d-nw6zz","{""namespace"": ""app-location"", ""pod"": ""prometheus-6bbd89844d-nw6zz""}"
pod_cpu_seconds_rate,1788096684,2026-08-30T13:31:24Z,0.00342300626501484,"namespace=app-location,pod=prometheus-6bbd89844d-nw6zz","{""namespace"": ""app-location"", ""pod"": ""prometheus-6bbd89844d-nw6zz""}"
pod_cpu_seconds_rate,1788096699,2026-08-30T13:31:39Z,0.0034685827048571726,"namespace=app-location,pod=prometheus-6bbd89844d-nw6zz","{""namespace"": ""app-location"", ""pod"": ""prometheus-6bbd89844d-nw6zz""}"
pod_cpu_seconds_rate,1788096714,2026-08-30T13:31:54Z,0.0034489617526990736,"namespace=app-location,pod=prometheus-6bbd89844d-nw6zz","{""namespace"": ""app-location"", ""pod"": ""prometheus-6bbd89844d-nw6zz""}"
pod_cpu_seconds_rate,1788096729,2026-08-30T13:32:09Z,0.0033107217831264708,"namespace=app-location,pod=prometheus-6bbd89844d-nw6zz","{""namespace"": ""app-location"", ""pod"": ""prometheus-6bbd89844d-nw6zz""}"
pod_cpu_seconds_rate,1788096744,2026-08-30T13:32:24Z,0.003223383894394165,"namespace=app-location,pod=prometheus-6bbd89844d-nw6zz","{""namespace"": ""app-location"", ""pod"": ""prometheus-6bbd89844d-nw6zz""}"
pod_cpu_seconds_rate,1788096759,2026-08-30T13:32:39Z,0.002919354116477546,"namespace=app-location,pod=prometheus-6bbd89844d-nw6zz","{""namespace"": ""app-location"", ""pod"": ""prometheus-6bbd89844d-nw6zz""}"
pod_cpu_seconds_rate,1788096774,2026-08-30T13:32:54Z,0.0033490770430713245,"namespace=app-location,pod=prometheus-6bbd89844d-nw6zz","{""namespace"": ""app-location"", ""pod"": ""prometheus-6bbd89844d-nw6zz""}"
pod_cpu_seconds_rate,1788096789,2026-08-30T13:33:09Z,0.0034479867220553947,"namespace=app-location,pod=prometheus-6bbd89844d-nw6zz","{""namespace"": ""app-location"", ""pod"": ""prometheus-6bbd89844d-nw6zz""}"
pod_cpu_seconds_rate,1788096804,2026-08-30T13:33:24Z,0.003262180123612493,"namespace=app-location,pod=prometheus-6bbd89844d-nw6zz","{""namespace"": ""app-location"", ""pod"": ""prometheus-6bbd89844d-nw6zz""}"
pod_cpu_seconds_rate,1788096819,2026-08-30T13:33:39Z,0.003123089936695048,"namespace=app-location,pod=prometheus-6bbd89844d-nw6zz","{""namespace"": ""app-location"", ""pod"": ""prometheus-6bbd89844d-nw6zz""}"
pod_cpu_seconds_rate,1788096834,2026-08-30T13:33:54Z,0.0030902178051175205,"namespace=app-location,pod=prometheus-6bbd89844d-nw6zz","{""namespace"": ""app-location"", ""pod"": ""prometheus-6bbd89844d-nw6zz""}"
pod_cpu_seconds_rate,1788096849,2026-08-30T13:34:09Z,0.003164500389088685,"namespace=app-location,pod=prometheus-6bbd89844d-nw6zz","{""namespace"": ""app-location"", ""pod"": ""prometheus-6bbd89844d-nw6zz""}"
pod_cpu_seconds_rate,1788096864,2026-08-30T13:34:24Z,0.003041342866024253,"namespace=app-location,pod=prometheus-6bbd89844d-nw6zz","{""namespace"": ""app-location"", ""pod"": ""prometheus-6bbd89844d-nw6zz""}"
pod_cpu_seconds_rate,1788096879,2026-08-30T13:34:39Z,0.002638809182209469,"namespace=app-location,pod=prometheus-6bbd89844d-nw6zz","{""namespace"": ""app-location"", ""pod"": ""prometheus-6bbd89844d-nw6zz""}"
pod_cpu_seconds_rate,1788096894,2026-08-30T13:34:54Z,0.0033149447880063436,"namespace=app-location,pod=prometheus-6bbd89844d-nw6zz","{""namespace"": ""app-location"", ""pod"": ""prometheus-6bbd89844d-nw6zz""}"
pod_cpu_seconds_rate,1788096909,2026-08-30T13:35:09Z,0.003804742731843785,"namespace=app-location,pod=prometheus-6bbd89844d-nw6zz","{""namespace"": ""app-location"", ""pod"": ""prometheus-6bbd89844d-nw6zz""}"
pod_cpu_seconds_rate,1788096924,2026-08-30T13:35:24Z,0.0040536529127389274,"namespace=app-location,pod=prometheus-6bbd89844d-nw6zz","{""namespace"": ""app-location"", ""pod"": ""prometheus-6bbd89844d-nw6zz""}"
pod_cpu_seconds_rate,1788096939,2026-08-30T13:35:39Z,0.004272217110270477,"namespace=app-location,pod=prometheus-6bbd89844d-nw6zz","{""namespace"": ""app-location"", ""pod"": ""prometheus-6bbd89844d-nw6zz""}"
pod_cpu_seconds_rate,1788096954,2026-08-30T13:35:54Z,0.00420497252466272,"namespace=app-location,pod=prometheus-6bbd89844d-nw6zz","{""namespace"": ""app-location"", ""pod"": ""prometheus-6bbd89844d-nw6zz""}"
pod_cpu_seconds_rate,1788096969,2026-08-30T13:36:09Z,0.004183645700332709,"namespace=app-location,pod=prometheus-6bbd89844d-nw6zz","{""namespace"": ""app-location"", ""pod"": ""prometheus-6bbd89844d-nw6zz""}"
pod_cpu_seconds_rate,1788096984,2026-08-30T13:36:24Z,0.004427597987685836,"namespace=app-location,pod=prometheus-6bbd89844d-nw6zz","{""namespace"": ""app-location"", ""pod"": ""prometheus-6bbd89844d-nw6zz""}"
pod_cpu_seconds_rate,1788096999,2026-08-30T13:36:39Z,0.00402443370526551,"namespace=app-location,pod=prometheus-6bbd89844d-nw6zz","{""namespace"": ""app-location"", ""pod"": ""prometheus-6bbd89844d-nw6zz""}"
pod_cpu_seconds_rate,1788097014,2026-08-30T13:36:54Z,0.005192588261232158,"namespace=app-location,pod=prometheus-6bbd89844d-nw6zz","{""namespace"": ""app-location"", ""pod"": ""prometheus-6bbd89844d-nw6zz""}"
pod_cpu_seconds_rate,1788097029,2026-08-30T13:37:09Z,0.005242673130852229,"namespace=app-location,pod=prometheus-6bbd89844d-nw6zz","{""namespace"": ""app-location"", ""pod"": ""prometheus-6bbd89844d-nw6zz""}"
pod_cpu_seconds_rate,1788097044,2026-08-30T13:37:24Z,0.005548224061256171,"namespace=app-location,pod=prometheus-6bbd89844d-nw6zz","{""namespace"": ""app-location"", ""pod"": ""prometheus-6bbd89844d-nw6zz""}"
pod_cpu_seconds_rate,1788097059,2026-08-30T13:37:39Z,0.005159003814541063,"namespace=app-location,pod=prometheus-6bbd89844d-nw6zz","{""namespace"": ""app-location"", ""pod"": ""prometheus-6bbd89844d-nw6zz""}"
pod_cpu_seconds_rate,1788097074,2026-08-30T13:37:54Z,0.005128793406251259,"namespace=app-location,pod=prometheus-6bbd89844d-nw6zz","{""namespace"": ""app-location"", ""pod"": ""prometheus-6bbd89844d-nw6zz""}"
pod_cpu_seconds_rate,1788097089,2026-08-30T13:38:09Z,0.005565926247043192,"namespace=app-location,pod=prometheus-6bbd89844d-nw6zz","{""namespace"": ""app-location"", ""pod"": ""prometheus-6bbd89844d-nw6zz""}"
pod_cpu_seconds_rate,1788097104,2026-08-30T13:38:24Z,0.005378458346142023,"namespace=app-location,pod=prometheus-6bbd89844d-nw6zz","{""namespace"": ""app-location"", ""pod"": ""prometheus-6bbd89844d-nw6zz""}"
pod_cpu_seconds_rate,1788097119,2026-08-30T13:38:39Z,0.003907369353744064,"namespace=app-location,pod=prometheus-6bbd89844d-nw6zz","{""namespace"": ""app-location"", ""pod"": ""prometheus-6bbd89844d-nw6zz""}"
pod_cpu_seconds_rate,1788097134,2026-08-30T13:38:54Z,0.003910070511261911,"namespace=app-location,pod=prometheus-6bbd89844d-nw6zz","{""namespace"": ""app-location"", ""pod"": ""prometheus-6bbd89844d-nw6zz""}"
pod_cpu_seconds_rate,1788097149,2026-08-30T13:39:09Z,0.004727501622613638,"namespace=app-location,pod=prometheus-6bbd89844d-nw6zz","{""namespace"": ""app-location"", ""pod"": ""prometheus-6bbd89844d-nw6zz""}"
pod_cpu_seconds_rate,1788097164,2026-08-30T13:39:24Z,0.004640763295256823,"namespace=app-location,pod=prometheus-6bbd89844d-nw6zz","{""namespace"": ""app-location"", ""pod"": ""prometheus-6bbd89844d-nw6zz""}"
pod_cpu_seconds_rate,1788097179,2026-08-30T13:39:39Z,0.004600376675575003,"namespace=app-location,pod=prometheus-6bbd89844d-nw6zz","{""namespace"": ""app-location"", ""pod"": ""prometheus-6bbd89844d-nw6zz""}"
pod_cpu_seconds_rate,1788097194,2026-08-30T13:39:54Z,0.004344477876106196,"namespace=app-location,pod=prometheus-6bbd89844d-nw6zz","{""namespace"": ""app-location"", ""pod"": ""prometheus-6bbd89844d-nw6zz""}"
pod_cpu_seconds_rate,1788097209,2026-08-30T13:40:09Z,0.004338605615077822,"namespace=app-location,pod=prometheus-6bbd89844d-nw6zz","{""namespace"": ""app-location"", ""pod"": ""prometheus-6bbd89844d-nw6zz""}"
pod_cpu_seconds_rate,1788097224,2026-08-30T13:40:24Z,0.0044119634613495684,"namespace=app-location,pod=prometheus-6bbd89844d-nw6zz","{""namespace"": ""app-location"", ""pod"": ""prometheus-6bbd89844d-nw6zz""}"
pod_cpu_seconds_rate,1788097239,2026-08-30T13:40:39Z,0.003910362112005088,"namespace=app-location,pod=prometheus-6bbd89844d-nw6zz","{""namespace"": ""app-location"", ""pod"": ""prometheus-6bbd89844d-nw6zz""}"
pod_cpu_seconds_rate,1788097254,2026-08-30T13:40:54Z,0.004391500172235614,"namespace=app-location,pod=prometheus-6bbd89844d-nw6zz","{""namespace"": ""app-location"", ""pod"": ""prometheus-6bbd89844d-nw6zz""}"
pod_cpu_seconds_rate,1788097269,2026-08-30T13:41:09Z,0.004467612949677287,"namespace=app-location,pod=prometheus-6bbd89844d-nw6zz","{""namespace"": ""app-location"", ""pod"": ""prometheus-6bbd89844d-nw6zz""}"
pod_cpu_seconds_rate,1788097284,2026-08-30T13:41:24Z,0.004529066503343032,"namespace=app-location,pod=prometheus-6bbd89844d-nw6zz","{""namespace"": ""app-location"", ""pod"": ""prometheus-6bbd89844d-nw6zz""}"
pod_cpu_seconds_rate,1788097299,2026-08-30T13:41:39Z,0.00485974514426855,"namespace=app-location,pod=prometheus-6bbd89844d-nw6zz","{""namespace"": ""app-location"", ""pod"": ""prometheus-6bbd89844d-nw6zz""}"
pod_cpu_seconds_rate,1788097314,2026-08-30T13:41:54Z,0.004889257953283587,"namespace=app-location,pod=prometheus-6bbd89844d-nw6zz","{""namespace"": ""app-location"", ""pod"": ""prometheus-6bbd89844d-nw6zz""}"
pod_cpu_seconds_rate,1788097329,2026-08-30T13:42:09Z,0.0044871809212665625,"namespace=app-location,pod=prometheus-6bbd89844d-nw6zz","{""namespace"": ""app-location"", ""pod"": ""prometheus-6bbd89844d-nw6zz""}"
pod_cpu_seconds_rate,1788097344,2026-08-30T13:42:24Z,0.004921744827316464,"namespace=app-location,pod=prometheus-6bbd89844d-nw6zz","{""namespace"": ""app-location"", ""pod"": ""prometheus-6bbd89844d-nw6zz""}"
pod_cpu_seconds_rate,1788097359,2026-08-30T13:42:39Z,0.004760367164237968,"namespace=app-location,pod=prometheus-6bbd89844d-nw6zz","{""namespace"": ""app-location"", ""pod"": ""prometheus-6bbd89844d-nw6zz""}"
pod_cpu_seconds_rate,1788097374,2026-08-30T13:42:54Z,0.005193910566900455,"namespace=app-location,pod=prometheus-6bbd89844d-nw6zz","{""namespace"": ""app-location"", ""pod"": ""prometheus-6bbd89844d-nw6zz""}"
pod_cpu_seconds_rate,1788097389,2026-08-30T13:43:09Z,0.00462759490214874,"namespace=app-location,pod=prometheus-6bbd89844d-nw6zz","{""namespace"": ""app-location"", ""pod"": ""prometheus-6bbd89844d-nw6zz""}"
pod_cpu_seconds_rate,1788097404,2026-08-30T13:43:24Z,0.0052579422507063635,"namespace=app-location,pod=prometheus-6bbd89844d-nw6zz","{""namespace"": ""app-location"", ""pod"": ""prometheus-6bbd89844d-nw6zz""}"
pod_cpu_seconds_rate,1788097419,2026-08-30T13:43:39Z,0.005038050266853403,"namespace=app-location,pod=prometheus-6bbd89844d-nw6zz","{""namespace"": ""app-location"", ""pod"": ""prometheus-6bbd89844d-nw6zz""}"
pod_cpu_seconds_rate,1788097434,2026-08-30T13:43:54Z,0.004433675862530563,"namespace=app-location,pod=prometheus-6bbd89844d-nw6zz","{""namespace"": ""app-location"", ""pod"": ""prometheus-6bbd89844d-nw6zz""}"
pod_cpu_seconds_rate,1788097449,2026-08-30T13:44:09Z,0.004742967416991344,"namespace=app-location,pod=prometheus-6bbd89844d-nw6zz","{""namespace"": ""app-location"", ""pod"": ""prometheus-6bbd89844d-nw6zz""}"
pod_cpu_seconds_rate,1788097464,2026-08-30T13:44:24Z,0.004324083340915299,"namespace=app-location,pod=prometheus-6bbd89844d-nw6zz","{""namespace"": ""app-location"", ""pod"": ""prometheus-6bbd89844d-nw6zz""}"
pod_cpu_seconds_rate,1788097479,2026-08-30T13:44:39Z,0.0046470757155164235,"namespace=app-location,pod=prometheus-6bbd89844d-nw6zz","{""namespace"": ""app-location"", ""pod"": ""prometheus-6bbd89844d-nw6zz""}"
pod_cpu_seconds_rate,1788097494,2026-08-30T13:44:54Z,0.004005762179192755,"namespace=app-location,pod=prometheus-6bbd89844d-nw6zz","{""namespace"": ""app-location"", ""pod"": ""prometheus-6bbd89844d-nw6zz""}"
pod_cpu_seconds_rate,1788097509,2026-08-30T13:45:09Z,0.004438652424291975,"namespace=app-location,pod=prometheus-6bbd89844d-nw6zz","{""namespace"": ""app-location"", ""pod"": ""prometheus-6bbd89844d-nw6zz""}"
pod_cpu_seconds_rate,1788097524,2026-08-30T13:45:24Z,0.004300377580774223,"namespace=app-location,pod=prometheus-6bbd89844d-nw6zz","{""namespace"": ""app-location"", ""pod"": ""prometheus-6bbd89844d-nw6zz""}"
pod_cpu_seconds_rate,1788097539,2026-08-30T13:45:39Z,0.004509970641998551,"namespace=app-location,pod=prometheus-6bbd89844d-nw6zz","{""namespace"": ""app-location"", ""pod"": ""prometheus-6bbd89844d-nw6zz""}"
pod_cpu_seconds_rate,1788097554,2026-08-30T13:45:54Z,0.004484169832057541,"namespace=app-location,pod=prometheus-6bbd89844d-nw6zz","{""namespace"": ""app-location"", ""pod"": ""prometheus-6bbd89844d-nw6zz""}"
pod_cpu_seconds_rate,1788097569,2026-08-30T13:46:09Z,0.0042304731068863784,"namespace=app-location,pod=prometheus-6bbd89844d-nw6zz","{""namespace"": ""app-location"", ""pod"": ""prometheus-6bbd89844d-nw6zz""}"
pod_cpu_seconds_rate,1788097584,2026-08-30T13:46:24Z,0.003750531869628113,"namespace=app-location,pod=prometheus-6bbd89844d-nw6zz","{""namespace"": ""app-location"", ""pod"": ""prometheus-6bbd89844d-nw6zz""}"
pod_cpu_seconds_rate,1788097599,2026-08-30T13:46:39Z,0.004650114670568571,"namespace=app-location,pod=prometheus-6bbd89844d-nw6zz","{""namespace"": ""app-location"", ""pod"": ""prometheus-6bbd89844d-nw6zz""}"
pod_cpu_seconds_rate,1788097614,2026-08-30T13:46:54Z,0.005058968797646398,"namespace=app-location,pod=prometheus-6bbd89844d-nw6zz","{""namespace"": ""app-location"", ""pod"": ""prometheus-6bbd89844d-nw6zz""}"
pod_cpu_seconds_rate,1788097629,2026-08-30T13:47:09Z,0.0057413642818667,"namespace=app-location,pod=prometheus-6bbd89844d-nw6zz","{""namespace"": ""app-location"", ""pod"": ""prometheus-6bbd89844d-nw6zz""}"
pod_cpu_seconds_rate,1788097644,2026-08-30T13:47:24Z,0.005277855057946879,"namespace=app-location,pod=prometheus-6bbd89844d-nw6zz","{""namespace"": ""app-location"", ""pod"": ""prometheus-6bbd89844d-nw6zz""}"
pod_cpu_seconds_rate,1788097659,2026-08-30T13:47:39Z,0.005833290523986394,"namespace=app-location,pod=prometheus-6bbd89844d-nw6zz","{""namespace"": ""app-location"", ""pod"": ""prometheus-6bbd89844d-nw6zz""}"
pod_cpu_seconds_rate,1788097674,2026-08-30T13:47:54Z,0.0054338858750499295,"namespace=app-location,pod=prometheus-6bbd89844d-nw6zz","{""namespace"": ""app-location"", ""pod"": ""prometheus-6bbd89844d-nw6zz""}"
pod_cpu_seconds_rate,1788097689,2026-08-30T13:48:09Z,0.0053058830668932175,"namespace=app-location,pod=prometheus-6bbd89844d-nw6zz","{""namespace"": ""app-location"", ""pod"": ""prometheus-6bbd89844d-nw6zz""}"
pod_cpu_seconds_rate,1788097704,2026-08-30T13:48:24Z,0.004567203243253136,"namespace=app-location,pod=prometheus-6bbd89844d-nw6zz","{""namespace"": ""app-location"", ""pod"": ""prometheus-6bbd89844d-nw6zz""}"
pod_cpu_seconds_rate,1788097719,2026-08-30T13:48:39Z,0.004289494698325084,"namespace=app-location,pod=prometheus-6bbd89844d-nw6zz","{""namespace"": ""app-location"", ""pod"": ""prometheus-6bbd89844d-nw6zz""}"
pod_cpu_seconds_rate,1788097734,2026-08-30T13:48:54Z,0.004556307849748274,"namespace=app-location,pod=prometheus-6bbd89844d-nw6zz","{""namespace"": ""app-location"", ""pod"": ""prometheus-6bbd89844d-nw6zz""}"
pod_cpu_seconds_rate,1788097749,2026-08-30T13:49:09Z,0.0046079237632721416,"namespace=app-location,pod=prometheus-6bbd89844d-nw6zz","{""namespace"": ""app-location"", ""pod"": ""prometheus-6bbd89844d-nw6zz""}"
pod_cpu_seconds_rate,1788097764,2026-08-30T13:49:24Z,0.0044996051130546735,"namespace=app-location,pod=prometheus-6bbd89844d-nw6zz","{""namespace"": ""app-location"", ""pod"": ""prometheus-6bbd89844d-nw6zz""}"
pod_cpu_seconds_rate,1788097779,2026-08-30T13:49:39Z,0.004269580361881935,"namespace=app-location,pod=prometheus-6bbd89844d-nw6zz","{""namespace"": ""app-location"", ""pod"": ""prometheus-6bbd89844d-nw6zz""}"
pod_cpu_seconds_rate,1788097794,2026-08-30T13:49:54Z,0.00482431729518857,"namespace=app-location,pod=prometheus-6bbd89844d-nw6zz","{""namespace"": ""app-location"", ""pod"": ""prometheus-6bbd89844d-nw6zz""}"
pod_cpu_seconds_rate,1788097809,2026-08-30T13:50:09Z,0.004623040552270665,"namespace=app-location,pod=prometheus-6bbd89844d-nw6zz","{""namespace"": ""app-location"", ""pod"": ""prometheus-6bbd89844d-nw6zz""}"
pod_cpu_seconds_rate,1788097824,2026-08-30T13:50:24Z,0.00338971011987667,"namespace=app-location,pod=prometheus-6bbd89844d-nw6zz","{""namespace"": ""app-location"", ""pod"": ""prometheus-6bbd89844d-nw6zz""}"
pod_cpu_seconds_rate,1788097839,2026-08-30T13:50:39Z,0.0037609504274175223,"namespace=app-location,pod=prometheus-6bbd89844d-nw6zz","{""namespace"": ""app-location"", ""pod"": ""prometheus-6bbd89844d-nw6zz""}"
pod_cpu_seconds_rate,1788097854,2026-08-30T13:50:54Z,0.004247927642138245,"namespace=app-location,pod=prometheus-6bbd89844d-nw6zz","{""namespace"": ""app-location"", ""pod"": ""prometheus-6bbd89844d-nw6zz""}"
pod_cpu_seconds_rate,1788097869,2026-08-30T13:51:09Z,0.0042232087568710745,"namespace=app-location,pod=prometheus-6bbd89844d-nw6zz","{""namespace"": ""app-location"", ""pod"": ""prometheus-6bbd89844d-nw6zz""}"
pod_cpu_seconds_rate,1788097884,2026-08-30T13:51:24Z,0.003978978146828083,"namespace=app-location,pod=prometheus-6bbd89844d-nw6zz","{""namespace"": ""app-location"", ""pod"": ""prometheus-6bbd89844d-nw6zz""}"
pod_cpu_seconds_rate,1788097899,2026-08-30T13:51:39Z,0.003898684258683162,"namespace=app-location,pod=prometheus-6bbd89844d-nw6zz","{""namespace"": ""app-location"", ""pod"": ""prometheus-6bbd89844d-nw6zz""}"
pod_cpu_seconds_rate,1788097914,2026-08-30T13:51:54Z,0.00403120182577617,"namespace=app-location,pod=prometheus-6bbd89844d-nw6zz","{""namespace"": ""app-location"", ""pod"": ""prometheus-6bbd89844d-nw6zz""}"
pod_cpu_seconds_rate,1788097929,2026-08-30T13:52:09Z,0.0040055886849378825,"namespace=app-location,pod=prometheus-6bbd89844d-nw6zz","{""namespace"": ""app-location"", ""pod"": ""prometheus-6bbd89844d-nw6zz""}"
pod_cpu_seconds_rate,1788097944,2026-08-30T13:52:24Z,0.004062856408231485,"namespace=app-location,pod=prometheus-6bbd89844d-nw6zz","{""namespace"": ""app-location"", ""pod"": ""prometheus-6bbd89844d-nw6zz""}"
pod_cpu_seconds_rate,1788097959,2026-08-30T13:52:39Z,0.0035046900311375404,"namespace=app-location,pod=prometheus-6bbd89844d-nw6zz","{""namespace"": ""app-location"", ""pod"": ""prometheus-6bbd89844d-nw6zz""}"
pod_cpu_seconds_rate,1788097974,2026-08-30T13:52:54Z,0.0039026463706783327,"namespace=app-location,pod=prometheus-6bbd89844d-nw6zz","{""namespace"": ""app-location"", ""pod"": ""prometheus-6bbd89844d-nw6zz""}"
pod_cpu_seconds_rate,1788097989,2026-08-30T13:53:09Z,0.0036311789667275306,"namespace=app-location,pod=prometheus-6bbd89844d-nw6zz","{""namespace"": ""app-location"", ""pod"": ""prometheus-6bbd89844d-nw6zz""}"
pod_cpu_seconds_rate,1788098004,2026-08-30T13:53:24Z,0.005532974127469527,"namespace=app-location,pod=prometheus-6bbd89844d-nw6zz","{""namespace"": ""app-location"", ""pod"": ""prometheus-6bbd89844d-nw6zz""}"
pod_cpu_seconds_rate,1788098019,2026-08-30T13:53:39Z,0.007643818001978245,"namespace=app-location,pod=prometheus-6bbd89844d-nw6zz","{""namespace"": ""app-location"", ""pod"": ""prometheus-6bbd89844d-nw6zz""}"
pod_cpu_seconds_rate,1788098034,2026-08-30T13:53:54Z,0.007690450530414992,"namespace=app-location,pod=prometheus-6bbd89844d-nw6zz","{""namespace"": ""app-location"", ""pod"": ""prometheus-6bbd89844d-nw6zz""}"
pod_cpu_seconds_rate,1788098049,2026-08-30T13:54:09Z,0.009301183162074421,"namespace=app-location,pod=prometheus-6bbd89844d-nw6zz","{""namespace"": ""app-location"", ""pod"": ""prometheus-6bbd89844d-nw6zz""}"
pod_cpu_seconds_rate,1788098064,2026-08-30T13:54:24Z,0.010013078601097687,"namespace=app-location,pod=prometheus-6bbd89844d-nw6zz","{""namespace"": ""app-location"", ""pod"": ""prometheus-6bbd89844d-nw6zz""}"
pod_cpu_seconds_rate,1788098079,2026-08-30T13:54:39Z,0.010038082005618483,"namespace=app-location,pod=prometheus-6bbd89844d-nw6zz","{""namespace"": ""app-location"", ""pod"": ""prometheus-6bbd89844d-nw6zz""}"
pod_cpu_seconds_rate,1788098094,2026-08-30T13:54:54Z,0.00865190958852275,"namespace=app-location,pod=prometheus-6bbd89844d-nw6zz","{""namespace"": ""app-location"", ""pod"": ""prometheus-6bbd89844d-nw6zz""}"
pod_cpu_seconds_rate,1788098109,2026-08-30T13:55:09Z,0.009757874959259193,"namespace=app-location,pod=prometheus-6bbd89844d-nw6zz","{""namespace"": ""app-location"", ""pod"": ""prometheus-6bbd89844d-nw6zz""}"
pod_cpu_seconds_rate,1788098124,2026-08-30T13:55:24Z,0.007848226652274823,"namespace=app-location,pod=prometheus-6bbd89844d-nw6zz","{""namespace"": ""app-location"", ""pod"": ""prometheus-6bbd89844d-nw6zz""}"
pod_cpu_seconds_rate,1788098139,2026-08-30T13:55:39Z,0.007097430939405477,"namespace=app-location,pod=prometheus-6bbd89844d-nw6zz","{""namespace"": ""app-location"", ""pod"": ""prometheus-6bbd89844d-nw6zz""}"
pod_cpu_seconds_rate,1788098154,2026-08-30T13:55:54Z,0.005719090890894895,"namespace=app-location,pod=prometheus-6bbd89844d-nw6zz","{""namespace"": ""app-location"", ""pod"": ""prometheus-6bbd89844d-nw6zz""}"
pod_cpu_seconds_rate,1788098169,2026-08-30T13:56:09Z,0.0055768101057820626,"namespace=app-location,pod=prometheus-6bbd89844d-nw6zz","{""namespace"": ""app-location"", ""pod"": ""prometheus-6bbd89844d-nw6zz""}"
pod_cpu_seconds_rate,1788098184,2026-08-30T13:56:24Z,0.005537745933864,"namespace=app-location,pod=prometheus-6bbd89844d-nw6zz","{""namespace"": ""app-location"", ""pod"": ""prometheus-6bbd89844d-nw6zz""}"
pod_cpu_seconds_rate,1788098199,2026-08-30T13:56:39Z,0.005402746917920587,"namespace=app-location,pod=prometheus-6bbd89844d-nw6zz","{""namespace"": ""app-location"", ""pod"": ""prometheus-6bbd89844d-nw6zz""}"
pod_cpu_seconds_rate,1788098214,2026-08-30T13:56:54Z,0.004690241446781026,"namespace=app-location,pod=prometheus-6bbd89844d-nw6zz","{""namespace"": ""app-location"", ""pod"": ""prometheus-6bbd89844d-nw6zz""}"
pod_cpu_seconds_rate,1788098229,2026-08-30T13:57:09Z,0.004684993948385598,"namespace=app-location,pod=prometheus-6bbd89844d-nw6zz","{""namespace"": ""app-location"", ""pod"": ""prometheus-6bbd89844d-nw6zz""}"
pod_cpu_seconds_rate,1788098244,2026-08-30T13:57:24Z,0.004376419571482897,"namespace=app-location,pod=prometheus-6bbd89844d-nw6zz","{""namespace"": ""app-location"", ""pod"": ""prometheus-6bbd89844d-nw6zz""}"
pod_cpu_seconds_rate,1788098259,2026-08-30T13:57:39Z,0.004962908698334365,"namespace=app-location,pod=prometheus-6bbd89844d-nw6zz","{""namespace"": ""app-location"", ""pod"": ""prometheus-6bbd89844d-nw6zz""}"
pod_cpu_seconds_rate,1788098274,2026-08-30T13:57:54Z,0.005254733486256365,"namespace=app-location,pod=prometheus-6bbd89844d-nw6zz","{""namespace"": ""app-location"", ""pod"": ""prometheus-6bbd89844d-nw6zz""}"
pod_cpu_seconds_rate,1788098289,2026-08-30T13:58:09Z,0.0050839209097182664,"namespace=app-location,pod=prometheus-6bbd89844d-nw6zz","{""namespace"": ""app-location"", ""pod"": ""prometheus-6bbd89844d-nw6zz""}"
pod_cpu_seconds_rate,1788098304,2026-08-30T13:58:24Z,0.004786202336345604,"namespace=app-location,pod=prometheus-6bbd89844d-nw6zz","{""namespace"": ""app-location"", ""pod"": ""prometheus-6bbd89844d-nw6zz""}"
